Ingrédient de base,Activité existante,Variante,Nom,Alias,ecs,scenario,defaultOrigin,cropGroup,ingredientCategories,inediblePart,ingredientDensity,rawToCookedRatio,transportCooling,Type de création,Nouveau nom,Profondeur,Chemin amont,Remplacé (from),Remplaçant (to),Base cible (source)
almond-in-shell,"Almond, unshelled, at processing {FR} U",default,Amandes décortiquées Origine Inconnue,almond-in-shell-unshelled-default,1560,import,OutOfEuropeAndMaghreb,FRUITS A COQUES,nut_oilseed_processed,0,0.46,1.0,none,existing,,,,,,Agribalyse 3.2
almond-in-shell,"Almond, unshelled, at processing {FR} U",eu,Amandes décortiquées UE,almond-in-shell-unshelled-eu,1560,import,EuropeAndMaghreb,FRUITS A COQUES,nut_oilseed_processed,0,0.46,1.0,none,existing,,,,,,Agribalyse 3.2
almond-in-shell,"Almond, unshelled, at processing {FR} U",fr,Amandes décortiquées FR,almond-in-shell-unshelled-fr,1560,reference,France,FRUITS A COQUES,nut_oilseed_processed,0,0.46,1.0,none,existing,,,,,,Agribalyse 3.2
almond-in-shell,"Almond, unshelled, at processing {FR} U",non-eu,Amandes décortiquées HORS UE,almond-in-shell-unshelled-non-eu,1560,import,OutOfEuropeAndMaghreb,FRUITS A COQUES,nut_oilseed_processed,0,0.46,1.0,none,existing,,,,,,Agribalyse 3.2
almond-in-shell,"Almond, unshelled, at processing {FR} U",organic,Amandes décortiquées Bio,almond-in-shell-unshelled-organic,675.9,organic,France,FRUITS A COQUES,nut_oilseed_processed;organic,0,0.46,1.0,none,from_existing,"Almond, unshelled, at processing {FR} U [almond-in-shell-organic] {{almond-in-shell-unshelled-organic}}",0,,"Almond, consumption mix {FR} U","Almonds, in shell, at farm, organic 2025 {CN} [Ginko 2025, CN]",Ginko 2025
apple,"Apple juice, industrial production, at plant, NFC, 1L {FR} U",default,Jus de pomme Origine Inconnue,apple-juice-default,249,import,OutOfEuropeAndMaghreb,VERGERS,vegetable_processed,0,0.85,1.0,always,from_existing,"Apple juice, industrial production, at plant, NFC, 1L {FR} U [apple-default] {{apple-juice-default}}",0,,"Table apple, consumption mix {FR} U","Apple, at farm (WFLDB) [WFLDB, CN]",WFLDB
apple,"Apple juice, industrial production, at plant, NFC, 1L {FR} U",eu,Jus de pomme UE,apple-juice-eu,102.8,import,EuropeAndMaghreb,VERGERS,vegetable_processed,0,0.85,1.0,always,from_existing,"Apple juice, industrial production, at plant, NFC, 1L {FR} U [apple-eu] {{apple-juice-eu}}",0,,"Table apple, consumption mix {FR} U","Apple {CN}| apple production | Cut-off, U [Ecoinvent 3.11]",Ecoinvent 3.11
apple,"Apple juice, industrial production, at plant, NFC, 1L {FR} U",fr,Jus de pomme FR,apple-juice-fr,66.33,reference,France,VERGERS,vegetable_processed,0,0.85,1.0,always,existing,,,,,,Agribalyse 3.2
apple,"Apple juice, industrial production, at plant, NFC, 1L {FR} U",non-eu,Jus de pomme HORS UE,apple-juice-non-eu,102.8,import,OutOfEuropeAndMaghreb,VERGERS,vegetable_processed,0,0.85,1.0,always,from_existing,"Apple juice, industrial production, at plant, NFC, 1L {FR} U [apple-non-eu] {{apple-juice-non-eu}}",0,,"Table apple, consumption mix {FR} U","Apple {CN}| apple production | Cut-off, U [Ecoinvent 3.11]",Ecoinvent 3.11
apple,"Apple juice, industrial production, at plant, NFC, 1L {FR} U",organic,Jus de pomme Bio,apple-juice-organic,37.52,organic,France,VERGERS,vegetable_processed;organic,0,0.85,1.0,always,from_existing,"Apple juice, industrial production, at plant, NFC, 1L {FR} U [apple-organic] {{apple-juice-organic}}",0,,"Table apple, consumption mix {FR} U","Apple, organic 2025, national average, at orchard {FR} U [Ginko 2025, FR]",Ginko 2025
apple,"Table apple, peeled, at processing {FR} U",default,"Pommes de table, pelées Origine Inconnue",apple-table-peeled-default,193.3,import,OutOfEuropeAndMaghreb,VERGERS,vegetable_processed,0,0.9,1.0,always,from_existing,"Table apple, peeled, at processing {FR} U [apple-default] {{apple-table-peeled-default}}",0,,"Table apple, consumption mix {FR} U","Apple, at farm (WFLDB) [WFLDB, CN]",WFLDB
apple,"Table apple, peeled, at processing {FR} U",eu,"Pommes de table, pelées UE",apple-table-peeled-eu,75.88,import,EuropeAndMaghreb,VERGERS,vegetable_processed,0,0.9,1.0,always,from_existing,"Table apple, peeled, at processing {FR} U [apple-eu] {{apple-table-peeled-eu}}",0,,"Table apple, consumption mix {FR} U","Apple {CN}| apple production | Cut-off, U [Ecoinvent 3.11]",Ecoinvent 3.11
apple,"Table apple, peeled, at processing {FR} U",fr,"Pommes de table, pelées FR",apple-table-peeled-fr,46.64,reference,France,VERGERS,vegetable_processed,0,0.9,1.0,always,existing,,,,,,Agribalyse 3.2
apple,"Table apple, peeled, at processing {FR} U",non-eu,"Pommes de table, pelées HORS UE",apple-table-peeled-non-eu,75.88,import,OutOfEuropeAndMaghreb,VERGERS,vegetable_processed,0,0.9,1.0,always,from_existing,"Table apple, peeled, at processing {FR} U [apple-non-eu] {{apple-table-peeled-non-eu}}",0,,"Table apple, consumption mix {FR} U","Apple {CN}| apple production | Cut-off, U [Ecoinvent 3.11]",Ecoinvent 3.11
apple,"Table apple, peeled, at processing {FR} U",organic,"Pommes de table, pelées Bio",apple-table-peeled-organic,23.5,organic,France,VERGERS,vegetable_processed;organic,0,0.9,1.0,always,from_existing,"Table apple, peeled, at processing {FR} U [apple-organic] {{apple-table-peeled-organic}}",0,,"Table apple, consumption mix {FR} U","Apple, organic 2025, national average, at orchard {FR} U [Ginko 2025, FR]",Ginko 2025
apricot,"Apricot, pitted, at processing {FR} U",default,"Abricot, dénoyauté Origine Inconnue",apricot-pitted-default,368.9,import,OutOfEuropeAndMaghreb,VERGERS,vegetable_processed,0,0.9,1.0,always,from_existing,"Apricot, pitted, at processing {FR} U [apricot-default] {{apricot-pitted-default}}",0,,"Apricot, consumption mix {FR} U","Apricot, at farm (WFLDB) [WFLDB, ES]",WFLDB
apricot,"Apricot, pitted, at processing {FR} U",eu,"Abricot, dénoyauté UE",apricot-pitted-eu,221.3,import,EuropeAndMaghreb,VERGERS,vegetable_processed,0,0.9,1.0,always,from_existing,"Apricot, pitted, at processing {FR} U [apricot-eu] {{apricot-pitted-eu}}",0,,"Apricot, consumption mix {FR} U","Apricot {RoW}| apricot production | Cut-off, U [Ecoinvent 3.11]",Ecoinvent 3.11
apricot,"Apricot, pitted, at processing {FR} U",fr,"Abricot, dénoyauté FR",apricot-pitted-fr,148.9,reference,France,VERGERS,vegetable_processed,0,0.9,1.0,always,existing,,,,,,Agribalyse 3.2
apricot,"Apricot, pitted, at processing {FR} U",non-eu,"Abricot, dénoyauté HORS UE",apricot-pitted-non-eu,221.3,import,OutOfEuropeAndMaghreb,VERGERS,vegetable_processed,0,0.9,1.0,always,from_existing,"Apricot, pitted, at processing {FR} U [apricot-non-eu] {{apricot-pitted-non-eu}}",0,,"Apricot, consumption mix {FR} U","Apricot {RoW}| apricot production | Cut-off, U [Ecoinvent 3.11]",Ecoinvent 3.11
apricot,"Apricot, pitted, at processing {FR} U",organic,"Abricot, dénoyauté Bio",apricot-pitted-organic,42.61,organic,France,VERGERS,vegetable_processed;organic,0,0.9,1.0,always,from_existing,"Apricot, pitted, at processing {FR} U [apricot-organic] {{apricot-pitted-organic}}",0,,"Apricot, consumption mix {FR} U","Apricot, organic 2025 {FR}| apricot production | Cut-off, U [Ginko 2025, FR]",Ginko 2025
apricot,"Frozen apricot puree, at plant {FR} U",default,Purée d'abricots congelés Origine Inconnue,apricot-frozen-puree-default,508.7,import,OutOfEuropeAndMaghreb,VERGERS,vegetable_processed,0,0.9,1.0,always,from_existing,"Frozen apricot puree, at plant {FR} U [apricot-default] {{apricot-frozen-puree-default}}",1,"Frozen apricot puree, at processing {FR} U","Apricot, conventional, national average, at orchard {FR} U","Apricot, at farm (WFLDB) [WFLDB, ES]",WFLDB
apricot,"Frozen apricot puree, at plant {FR} U",eu,Purée d'abricots congelés UE,apricot-frozen-puree-eu,306.7,import,EuropeAndMaghreb,VERGERS,vegetable_processed,0,0.9,1.0,always,from_existing,"Frozen apricot puree, at plant {FR} U [apricot-eu] {{apricot-frozen-puree-eu}}",1,"Frozen apricot puree, at processing {FR} U","Apricot, conventional, national average, at orchard {FR} U","Apricot {RoW}| apricot production | Cut-off, U [Ecoinvent 3.11]",Ecoinvent 3.11
apricot,"Frozen apricot puree, at plant {FR} U",fr,Purée d'abricots congelés FR,apricot-frozen-puree-fr,203.4,reference,France,VERGERS,vegetable_processed,0,0.9,1.0,always,existing,,,,,,Agribalyse 3.2
apricot,"Frozen apricot puree, at plant {FR} U",non-eu,Purée d'abricots congelés HORS UE,apricot-frozen-puree-non-eu,306.7,import,OutOfEuropeAndMaghreb,VERGERS,vegetable_processed,0,0.9,1.0,always,from_existing,"Frozen apricot puree, at plant {FR} U [apricot-non-eu] {{apricot-frozen-puree-non-eu}}",1,"Frozen apricot puree, at processing {FR} U","Apricot, conventional, national average, at orchard {FR} U","Apricot {RoW}| apricot production | Cut-off, U [Ecoinvent 3.11]",Ecoinvent 3.11
apricot,"Frozen apricot puree, at plant {FR} U",organic,Purée d'abricots congelés Bio,apricot-frozen-puree-organic,62.05,organic,France,VERGERS,vegetable_processed;organic,0,0.9,1.0,always,from_existing,"Frozen apricot puree, at plant {FR} U [apricot-organic] {{apricot-frozen-puree-organic}}",1,"Frozen apricot puree, at processing {FR} U","Apricot, conventional, national average, at orchard {FR} U","Apricot, organic 2025 {FR}| apricot production | Cut-off, U [Ginko 2025, FR]",Ginko 2025
asparagu,"Asparagus, peeled, at processing {FR} U",default,Asperges pelées Origine Inconnue,asparagu-asparagus-peeled-default,468.6,import,OutOfEuropeAndMaghreb,LEGUMES-FLEURS,vegetable_processed,0,0.9,1.0,always,from_existing,"Asparagus, peeled, at processing {FR} U [asparagu-default] {{asparagu-asparagus-peeled-default}}",0,,"Asparagus, consumption mix {FR} U","Asparagus, at farm (WFLDB) [WFLDB, CN]",WFLDB
asparagu,"Asparagus, peeled, at processing {FR} U",eu,Asperges pelées UE,asparagu-asparagus-peeled-eu,267.7,import,EuropeAndMaghreb,LEGUMES-FLEURS,vegetable_processed,0,0.9,1.0,always,existing,,,,,,Agribalyse 3.2
asparagu,"Asparagus, peeled, at processing {FR} U",fr,Asperges pelées FR,asparagu-asparagus-peeled-fr,267.7,reference,France,LEGUMES-FLEURS,vegetable_processed,0,0.9,1.0,always,existing,,,,,,Agribalyse 3.2
asparagu,"Asparagus, peeled, at processing {FR} U",non-eu,Asperges pelées HORS UE,asparagu-asparagus-peeled-non-eu,304.3,import,OutOfEuropeAndMaghreb,LEGUMES-FLEURS,vegetable_processed,0,0.9,1.0,always,from_existing,"Asparagus, peeled, at processing {FR} U [asparagu-non-eu] {{asparagu-asparagus-peeled-non-eu}}",0,,"Asparagus, consumption mix {FR} U","White asparagus {CN}| white asparagus production | Cut-off, U [Ecoinvent 3.11, CN]",Ecoinvent 3.11
asparagu,"Asparagus, peeled, at processing {FR} U",organic,Asperges pelées Bio,asparagu-asparagus-peeled-organic,213,organic,France,LEGUMES-FLEURS,vegetable_processed;organic,0,0.9,1.0,always,from_existing,"Asparagus, peeled, at processing {FR} U [asparagu-organic] {{asparagu-asparagus-peeled-organic}}",0,,"Asparagus, consumption mix {FR} U","White asparagus, organic 2025 {FR}| white asparagus production | Cut-off, U [Ginko 2025, FR]",Ginko 2025
banana,"Banana, peeled, at processing {FR} U",default,Bananes pelées Origine Inconnue,banana-peeled-default,278.1,import,OutOfEuropeAndMaghreb,ARBORICULTURE,vegetable_processed,0,0.95,1.0,always,from_existing,"Banana, peeled, at processing {FR} U [banana-default] {{banana-peeled-default}}",0,,"Banana, consumption mix {FR} U","Banana, at farm (WFLDB) [WFLDB, CR]",WFLDB
banana,"Banana, peeled, at processing {FR} U",fr,Bananes pelées FR,banana-peeled-fr,144.3,reference,France,ARBORICULTURE,vegetable_processed,0,0.95,1.0,always,existing,,,,,,Agribalyse 3.2
banana,"Banana, peeled, at processing {FR} U",non-eu,Bananes pelées HORS UE,banana-peeled-non-eu,88.6,import,OutOfEuropeAndMaghreb,ARBORICULTURE,vegetable_processed,0,0.95,1.0,always,from_existing,"Banana, peeled, at processing {FR} U [banana-non-eu] {{banana-peeled-non-eu}}",0,,"Banana, consumption mix {FR} U","Banana {RoW}| banana production | Cut-off, U - Adapted from Ecoinvent U [Agribalyse 3.2]",Agribalyse 3.2
banana,"Banana, peeled, at processing {FR} U",organic,Bananes pelées Bio,banana-peeled-organic,63.53,organic,France,ARBORICULTURE,vegetable_processed;organic,0,0.95,1.0,always,from_existing,"Banana, peeled, at processing {FR} U [banana-organic] {{banana-peeled-organic}}",0,,"Banana, consumption mix {FR} U","Banana, at farm, organic 2025 {GLO} [Ginko 2025, GLO]",Ginko 2025
barley-whole,"Barley flour, at industrial mill {FR} U",default,Farine d'orge Origine Inconnue,barley-whole-flour-default,306.1,import,OutOfEuropeAndMaghreb,ORGE,grain_processed,0,0.61,1.0,none,from_existing,"Barley flour, at industrial mill {FR} U [barley-whole-default] {{barley-whole-flour-default}}",0,,"Barley, consumption mix {FR} U","Barley grain, non-irrigated, at farm (WFLDB) [WFLDB, UA]",WFLDB
barley-whole,"Barley flour, at industrial mill {FR} U",eu,Farine d'orge UE,barley-whole-flour-eu,152.5,import,EuropeAndMaghreb,ORGE,grain_processed,0,0.61,1.0,none,from_existing,"Barley flour, at industrial mill {FR} U [barley-whole-eu] {{barley-whole-flour-eu}}",0,,"Barley, consumption mix {FR} U","Barley grain {RoW}| barley production | Cut-off, U - Adapted from Ecoinvent U [Agribalyse 3.2]",Agribalyse 3.2
barley-whole,"Barley flour, at industrial mill {FR} U",fr,Farine d'orge FR,barley-whole-flour-fr,122,reference,France,ORGE,grain_processed,0,0.61,1.0,none,existing,,,,,,Agribalyse 3.2
barley-whole,"Barley flour, at industrial mill {FR} U",non-eu,Farine d'orge HORS UE,barley-whole-flour-non-eu,152.5,import,OutOfEuropeAndMaghreb,ORGE,grain_processed,0,0.61,1.0,none,from_existing,"Barley flour, at industrial mill {FR} U [barley-whole-non-eu] {{barley-whole-flour-non-eu}}",0,,"Barley, consumption mix {FR} U","Barley grain {RoW}| barley production | Cut-off, U - Adapted from Ecoinvent U [Agribalyse 3.2]",Agribalyse 3.2
beetroot,"Beetroot juice, pure juice, at processing {DE} U",default,"Jus de betterave, jus pur Origine Inconnue",beetroot-juice-pure-juice-default,62.03,import,OutOfEuropeAndMaghreb,AUTRES CULTURES INDUSTRIELLES,vegetable_processed,0,0.9,1.0,always,existing,,,,,,Agribalyse 3.2
beetroot,"Beetroot juice, pure juice, at processing {DE} U",eu,"Jus de betterave, jus pur UE",beetroot-juice-pure-juice-eu,62.03,import,EuropeAndMaghreb,AUTRES CULTURES INDUSTRIELLES,vegetable_processed,0,0.9,1.0,always,existing,,,,,,Agribalyse 3.2
beetroot,"Beetroot juice, pure juice, at processing {DE} U",fr,"Jus de betterave, jus pur FR",beetroot-juice-pure-juice-fr,62.03,reference,France,AUTRES CULTURES INDUSTRIELLES,vegetable_processed,0,0.9,1.0,always,existing,,,,,,Agribalyse 3.2
beetroot,"Beetroot juice, pure juice, at processing {DE} U",non-eu,"Jus de betterave, jus pur HORS UE",beetroot-juice-pure-juice-non-eu,62.03,import,OutOfEuropeAndMaghreb,AUTRES CULTURES INDUSTRIELLES,vegetable_processed,0,0.9,1.0,always,existing,,,,,,Agribalyse 3.2
beetroot,"Beetroot juice, pure juice, at processing {DE} U",organic,"Jus de betterave, jus pur Bio",beetroot-juice-pure-juice-organic,61.14,organic,France,AUTRES CULTURES INDUSTRIELLES,vegetable_processed;organic,0,0.9,1.0,always,from_existing,"Beetroot juice, pure juice, at processing {DE} U [beetroot-organic] {{beetroot-juice-pure-juice-organic}}",0,,"Beetroot for juice, conventional, at farm gate {FR} U","Beetroot for juice, organic 2025, at farm gate {FR} U [Ginko 2025, FR]",Ginko 2025
broccoli,"Broccoli, peeled, at processing {FR} U",default,"Brocoli, pelé Origine Inconnue",broccoli-peeled-default,65.71,import,OutOfEuropeAndMaghreb,LEGUMES-FLEURS,vegetable_processed,0,0.9,1.0,always,existing,,,,,,Agribalyse 3.2
broccoli,"Broccoli, peeled, at processing {FR} U",eu,"Brocoli, pelé UE",broccoli-peeled-eu,100.8,import,EuropeAndMaghreb,LEGUMES-FLEURS,vegetable_processed,0,0.9,1.0,always,from_existing,"Broccoli, peeled, at processing {FR} U [broccoli-eu] {{broccoli-peeled-eu}}",0,,"Broccoli, consumption mix {FR} U","Broccoli {CH}| broccoli production, conventional, plain region | Cut-off, U [Ecoinvent 3.11]",Ecoinvent 3.11
broccoli,"Broccoli, peeled, at processing {FR} U",fr,"Brocoli, pelé FR",broccoli-peeled-fr,65.71,reference,France,LEGUMES-FLEURS,vegetable_processed,0,0.9,1.0,always,existing,,,,,,Agribalyse 3.2
broccoli,"Broccoli, peeled, at processing {FR} U",non-eu,"Brocoli, pelé HORS UE",broccoli-peeled-non-eu,65.71,import,OutOfEuropeAndMaghreb,LEGUMES-FLEURS,vegetable_processed,0,0.9,1.0,always,existing,,,,,,Agribalyse 3.2
broccoli,"Broccoli, peeled, at processing {FR} U",organic,"Brocoli, pelé Bio",broccoli-peeled-organic,99.94,organic,France,LEGUMES-FLEURS,vegetable_processed;organic,0,0.9,1.0,always,from_existing,"Broccoli, peeled, at processing {FR} U [broccoli-organic] {{broccoli-peeled-organic}}",0,,"Broccoli, consumption mix {FR} U","Broccoli, organic 2025 {GLO}| production | Cut-off, U [Ginko 2025, GLO]",Ginko 2025
carrot,"Carrot pomace, fresh, from carrot juice production, at processing {FR} U",default,"Pomace de carottes, fraîche, provenant de la production de jus de carottes Origine Inconnue",carrot-pomace-fresh-from-carrot-juice-production-default,15.84,import,OutOfEuropeAndMaghreb,LEGUMES-FLEURS,vegetable_processed,0,0.9,1.0,always,from_existing,"Carrot pomace, fresh, from carrot juice production, at processing {FR} U [carrot-default] {{carrot-pomace-fresh-from-carrot-juice-production-default}}",0,,"Carrot, conventional, national average, at farm gate {FR} U","Carrot, at farm (WFLDB) [WFLDB, IL]",WFLDB
carrot,"Carrot pomace, fresh, from carrot juice production, at processing {FR} U",eu,"Pomace de carottes, fraîche, provenant de la production de jus de carottes UE",carrot-pomace-fresh-from-carrot-juice-production-eu,7.181,import,EuropeAndMaghreb,LEGUMES-FLEURS,vegetable_processed,0,0.9,1.0,always,from_existing,"Carrot pomace, fresh, from carrot juice production, at processing {FR} U [carrot-eu] {{carrot-pomace-fresh-from-carrot-juice-production-eu}}",0,,"Carrot, conventional, national average, at farm gate {FR} U","Carrot {NL}| carrot production | Cut-off, U - Adapted from Ecoinvent U [Agribalyse 3.2]",Agribalyse 3.2
carrot,"Carrot pomace, fresh, from carrot juice production, at processing {FR} U",fr,"Pomace de carottes, fraîche, provenant de la production de jus de carottes FR",carrot-pomace-fresh-from-carrot-juice-production-fr,14.36,reference,France,LEGUMES-FLEURS,vegetable_processed,0,0.9,1.0,always,existing,,,,,,Agribalyse 3.2
carrot,"Carrot pomace, fresh, from carrot juice production, at processing {FR} U",non-eu,"Pomace de carottes, fraîche, provenant de la production de jus de carottes HORS UE",carrot-pomace-fresh-from-carrot-juice-production-non-eu,9.827,import,OutOfEuropeAndMaghreb,LEGUMES-FLEURS,vegetable_processed,0,0.9,1.0,always,from_existing,"Carrot pomace, fresh, from carrot juice production, at processing {FR} U [carrot-non-eu] {{carrot-pomace-fresh-from-carrot-juice-production-non-eu}}",0,,"Carrot, conventional, national average, at farm gate {FR} U","Carrot {RoW}| carrot production | Cut-off, U - Copied from Ecoinvent U [Agribalyse 3.2]",Agribalyse 3.2
carrot,"Carrot pomace, fresh, from carrot juice production, at processing {FR} U",organic,"Pomace de carottes, fraîche, provenant de la production de jus de carottes Bio",carrot-pomace-fresh-from-carrot-juice-production-organic,3.051,organic,France,LEGUMES-FLEURS,vegetable_processed;organic,0,0.9,1.0,always,from_existing,"Carrot pomace, fresh, from carrot juice production, at processing {FR} U [carrot-organic] {{carrot-pomace-fresh-from-carrot-juice-production-organic}}",0,,"Carrot, conventional, national average, at farm gate {FR} U","Carrot, organic 2025, national average, at farm gate {FR} U [Ginko 2025, FR]",Ginko 2025
carrot,"Carrot pomace, fresh, from frozen concentrated carrot puree production, at processing {FR} U",default,"Marc de carotte, frais Origine Inconnue",carrot-pomace-fresh-default,13.82,import,OutOfEuropeAndMaghreb,LEGUMES-FLEURS,vegetable_processed,0,0.9,1.0,always,from_existing,"Carrot pomace, fresh, from frozen concentrated carrot puree production, at processing {FR} U [carrot-default] {{carrot-pomace-fresh-default}}",0,,"Carrot, conventional, national average, at farm gate {FR} U","Carrot, at farm (WFLDB) [WFLDB, IL]",WFLDB
carrot,"Carrot pomace, fresh, from frozen concentrated carrot puree production, at processing {FR} U",eu,"Marc de carotte, frais UE",carrot-pomace-fresh-eu,6.572,import,EuropeAndMaghreb,LEGUMES-FLEURS,vegetable_processed,0,0.9,1.0,always,from_existing,"Carrot pomace, fresh, from frozen concentrated carrot puree production, at processing {FR} U [carrot-eu] {{carrot-pomace-fresh-eu}}",0,,"Carrot, conventional, national average, at farm gate {FR} U","Carrot {NL}| carrot production | Cut-off, U - Adapted from Ecoinvent U [Agribalyse 3.2]",Agribalyse 3.2
carrot,"Carrot pomace, fresh, from frozen concentrated carrot puree production, at processing {FR} U",fr,"Marc de carotte, frais FR",carrot-pomace-fresh-fr,12.58,reference,France,LEGUMES-FLEURS,vegetable_processed,0,0.9,1.0,always,existing,,,,,,Agribalyse 3.2
carrot,"Carrot pomace, fresh, from frozen concentrated carrot puree production, at processing {FR} U",non-eu,"Marc de carotte, frais HORS UE",carrot-pomace-fresh-non-eu,8.787,import,OutOfEuropeAndMaghreb,LEGUMES-FLEURS,vegetable_processed,0,0.9,1.0,always,from_existing,"Carrot pomace, fresh, from frozen concentrated carrot puree production, at processing {FR} U [carrot-non-eu] {{carrot-pomace-fresh-non-eu}}",0,,"Carrot, conventional, national average, at farm gate {FR} U","Carrot {RoW}| carrot production | Cut-off, U - Copied from Ecoinvent U [Agribalyse 3.2]",Agribalyse 3.2
carrot,"Carrot pomace, fresh, from frozen concentrated carrot puree production, at processing {FR} U",organic,"Marc de carotte, frais Bio",carrot-pomace-fresh-organic,3.114,organic,France,LEGUMES-FLEURS,vegetable_processed;organic,0,0.9,1.0,always,from_existing,"Carrot pomace, fresh, from frozen concentrated carrot puree production, at processing {FR} U [carrot-organic] {{carrot-pomace-fresh-organic}}",0,,"Carrot, conventional, national average, at farm gate {FR} U","Carrot, organic 2025, national average, at farm gate {FR} U [Ginko 2025, FR]",Ginko 2025
carrot,"Carrot, peeled, at processing {FR} U",default,Carotte pelée Origine Inconnue,carrot-peeled-default,80.04,import,OutOfEuropeAndMaghreb,LEGUMES-FLEURS,vegetable_processed,0,1.0,1.0,always,from_existing,"Carrot, peeled, at processing {FR} U [carrot-default] {{carrot-peeled-default}}",0,,"Carrot, consumption mix {FR} U","Carrot, at farm (WFLDB) [WFLDB, IL]",WFLDB
carrot,"Carrot, peeled, at processing {FR} U",eu,Carotte pelée UE,carrot-peeled-eu,35.42,import,EuropeAndMaghreb,LEGUMES-FLEURS,vegetable_processed,0,1.0,1.0,always,from_existing,"Carrot, peeled, at processing {FR} U [carrot-eu] {{carrot-peeled-eu}}",0,,"Carrot, consumption mix {FR} U","Carrot {NL}| carrot production | Cut-off, U - Adapted from Ecoinvent U [Agribalyse 3.2]",Agribalyse 3.2
carrot,"Carrot, peeled, at processing {FR} U",fr,Carotte pelée FR,carrot-peeled-fr,75.1,reference,France,LEGUMES-FLEURS,vegetable_processed,0,1.0,1.0,always,existing,,,,,,Agribalyse 3.2
carrot,"Carrot, peeled, at processing {FR} U",non-eu,Carotte pelée HORS UE,carrot-peeled-non-eu,49.06,import,OutOfEuropeAndMaghreb,LEGUMES-FLEURS,vegetable_processed,0,1.0,1.0,always,from_existing,"Carrot, peeled, at processing {FR} U [carrot-non-eu] {{carrot-peeled-non-eu}}",0,,"Carrot, consumption mix {FR} U","Carrot {RoW}| carrot production | Cut-off, U - Copied from Ecoinvent U [Agribalyse 3.2]",Agribalyse 3.2
carrot,"Carrot, peeled, at processing {FR} U",organic,Carotte pelée Bio,carrot-peeled-organic,14.12,organic,France,LEGUMES-FLEURS,vegetable_processed;organic,0,1.0,1.0,always,from_existing,"Carrot, peeled, at processing {FR} U [carrot-organic] {{carrot-peeled-organic}}",0,,"Carrot, consumption mix {FR} U","Carrot, organic 2025, national average, at farm gate {FR} U [Ginko 2025, FR]",Ginko 2025
carrot,"Frozen carrot, production, 1kg of frozen vegetable {FR} U",default,Carotte congelée Origine Inconnue,carrot-frozen-default,96.79,import,OutOfEuropeAndMaghreb,LEGUMES-FLEURS,vegetable_processed,0,1.0,1.0,always,from_existing,"Frozen carrot, production, 1kg of frozen vegetable {FR} U [carrot-default] {{carrot-frozen-default}}",0,,"Carrot, consumption mix {FR} U","Carrot, at farm (WFLDB) [WFLDB, IL]",WFLDB
carrot,"Frozen carrot, production, 1kg of frozen vegetable {FR} U",eu,Carotte congelée UE,carrot-frozen-eu,46.08,import,EuropeAndMaghreb,LEGUMES-FLEURS,vegetable_processed,0,1.0,1.0,always,from_existing,"Frozen carrot, production, 1kg of frozen vegetable {FR} U [carrot-eu] {{carrot-frozen-eu}}",0,,"Carrot, consumption mix {FR} U","Carrot {NL}| carrot production | Cut-off, U - Adapted from Ecoinvent U [Agribalyse 3.2]",Agribalyse 3.2
carrot,"Frozen carrot, production, 1kg of frozen vegetable {FR} U",fr,Carotte congelée FR,carrot-frozen-fr,91.17,reference,France,LEGUMES-FLEURS,vegetable_processed,0,1.0,1.0,always,existing,,,,,,Agribalyse 3.2
carrot,"Frozen carrot, production, 1kg of frozen vegetable {FR} U",non-eu,Carotte congelée HORS UE,carrot-frozen-non-eu,61.59,import,OutOfEuropeAndMaghreb,LEGUMES-FLEURS,vegetable_processed,0,1.0,1.0,always,from_existing,"Frozen carrot, production, 1kg of frozen vegetable {FR} U [carrot-non-eu] {{carrot-frozen-non-eu}}",0,,"Carrot, consumption mix {FR} U","Carrot {RoW}| carrot production | Cut-off, U - Copied from Ecoinvent U [Agribalyse 3.2]",Agribalyse 3.2
carrot,"Frozen carrot, production, 1kg of frozen vegetable {FR} U",organic,Carotte congelée Bio,carrot-frozen-organic,21.88,organic,France,LEGUMES-FLEURS,vegetable_processed;organic,0,1.0,1.0,always,from_existing,"Frozen carrot, production, 1kg of frozen vegetable {FR} U [carrot-organic] {{carrot-frozen-organic}}",0,,"Carrot, consumption mix {FR} U","Carrot, organic 2025, national average, at farm gate {FR} U [Ginko 2025, FR]",Ginko 2025
cauliflower,"Cauliflower, peeled, at processing {FR} U",default,"Choux-fleurs, pelés Origine Inconnue",cauliflower-peeled-default,47.41,import,OutOfEuropeAndMaghreb,LEGUMES-FLEURS,vegetable_processed,0,0.9,1.0,always,from_existing,"Cauliflower, peeled, at processing {FR} U [cauliflower-default] {{cauliflower-peeled-default}}",0,,"Cauliflower, consumption mix {FR} U","Cauliflower {GLO}| cauliflower production | Cut-off, U [Ecoinvent 3.11, GLO]",Ecoinvent 3.11
cauliflower,"Cauliflower, peeled, at processing {FR} U",eu,"Choux-fleurs, pelés UE",cauliflower-peeled-eu,47.07,import,EuropeAndMaghreb,LEGUMES-FLEURS,vegetable_processed,0,0.9,1.0,always,existing,,,,,,Agribalyse 3.2
cauliflower,"Cauliflower, peeled, at processing {FR} U",fr,"Choux-fleurs, pelés FR",cauliflower-peeled-fr,47.07,reference,France,LEGUMES-FLEURS,vegetable_processed,0,0.9,1.0,always,existing,,,,,,Agribalyse 3.2
cauliflower,"Cauliflower, peeled, at processing {FR} U",non-eu,"Choux-fleurs, pelés HORS UE",cauliflower-peeled-non-eu,47.41,import,OutOfEuropeAndMaghreb,LEGUMES-FLEURS,vegetable_processed,0,0.9,1.0,always,from_existing,"Cauliflower, peeled, at processing {FR} U [cauliflower-non-eu] {{cauliflower-peeled-non-eu}}",0,,"Cauliflower, consumption mix {FR} U","Cauliflower {GLO}| cauliflower production | Cut-off, U [Ecoinvent 3.11, GLO]",Ecoinvent 3.11
cauliflower,"Cauliflower, peeled, at processing {FR} U",organic,"Choux-fleurs, pelés Bio",cauliflower-peeled-organic,34.41,organic,France,LEGUMES-FLEURS,vegetable_processed;organic,0,0.9,1.0,always,from_existing,"Cauliflower, peeled, at processing {FR} U [cauliflower-organic] {{cauliflower-peeled-organic}}",0,,"Cauliflower, consumption mix {FR} U","Cauliflower, organic 2025, national average, at farm gate {FR} U [Ginko 2025, FR]",Ginko 2025
celery,"Celery stalk, peeled, at processing {FR} U",default,"Branche de céleri, pelée Origine Inconnue",celery-stalk-peeled-default,54.63,import,OutOfEuropeAndMaghreb,LEGUMES-FLEURS,vegetable_processed,0,0.9,1.0,always,existing,,,,,,Agribalyse 3.2
celery,"Celery stalk, peeled, at processing {FR} U",eu,"Branche de céleri, pelée UE",celery-stalk-peeled-eu,54.63,import,EuropeAndMaghreb,LEGUMES-FLEURS,vegetable_processed,0,0.9,1.0,always,existing,,,,,,Agribalyse 3.2
celery,"Celery stalk, peeled, at processing {FR} U",fr,"Branche de céleri, pelée FR",celery-stalk-peeled-fr,54.63,reference,France,LEGUMES-FLEURS,vegetable_processed,0,0.9,1.0,always,existing,,,,,,Agribalyse 3.2
celery,"Celery stalk, peeled, at processing {FR} U",non-eu,"Branche de céleri, pelée HORS UE",celery-stalk-peeled-non-eu,54.63,import,OutOfEuropeAndMaghreb,LEGUMES-FLEURS,vegetable_processed,0,0.9,1.0,always,existing,,,,,,Agribalyse 3.2
celery,"Celery stalk, peeled, at processing {FR} U",organic,"Branche de céleri, pelée Bio",celery-stalk-peeled-organic,51.24,organic,France,LEGUMES-FLEURS,vegetable_processed;organic,0,0.9,1.0,always,from_existing,"Celery stalk, peeled, at processing {FR} U [celery-organic] {{celery-stalk-peeled-organic}}",0,,"Celery, consumption mix {FR} U","Celery, organic 2025 {GLO}| 675 production | Cut-off, U [Ginko 2025, GLO]",Ginko 2025
celery,"Celery, peeled, at processing {FR} U",default,"Céleri, pelé Origine Inconnue",celery-peeled-default,49.74,import,OutOfEuropeAndMaghreb,LEGUMES-FLEURS,vegetable_processed,0,0.9,1.0,always,existing,,,,,,Agribalyse 3.2
celery,"Celery, peeled, at processing {FR} U",eu,"Céleri, pelé UE",celery-peeled-eu,49.74,import,EuropeAndMaghreb,LEGUMES-FLEURS,vegetable_processed,0,0.9,1.0,always,existing,,,,,,Agribalyse 3.2
celery,"Celery, peeled, at processing {FR} U",fr,"Céleri, pelé FR",celery-peeled-fr,49.74,reference,France,LEGUMES-FLEURS,vegetable_processed,0,0.9,1.0,always,existing,,,,,,Agribalyse 3.2
celery,"Celery, peeled, at processing {FR} U",non-eu,"Céleri, pelé HORS UE",celery-peeled-non-eu,49.74,import,OutOfEuropeAndMaghreb,LEGUMES-FLEURS,vegetable_processed,0,0.9,1.0,always,existing,,,,,,Agribalyse 3.2
celery,"Celery, peeled, at processing {FR} U",organic,"Céleri, pelé Bio",celery-peeled-organic,46.35,organic,France,LEGUMES-FLEURS,vegetable_processed;organic,0,0.9,1.0,always,from_existing,"Celery, peeled, at processing {FR} U [celery-organic] {{celery-peeled-organic}}",0,,"Celery, consumption mix {FR} U","Celery, organic 2025 {GLO}| 675 production | Cut-off, U [Ginko 2025, GLO]",Ginko 2025
cherry,"Cherry juice, pure juice, at processing {FR} U",default,"Jus de cerise, jus pur Origine Inconnue",cherry-juice-pure-juice-default,1342,import,OutOfEuropeAndMaghreb,VERGERS,vegetable_processed,0,0.85,1.0,always,from_existing,"Cherry juice, pure juice, at processing {FR} U [cherry-default] {{cherry-juice-pure-juice-default}}",0,,"Cherry, conventional, national average, at orchard {FR} U","Cherry, at farm (WFLDB) [WFLDB, GLO]",WFLDB
cherry,"Cherry juice, pure juice, at processing {FR} U",eu,"Jus de cerise, jus pur UE",cherry-juice-pure-juice-eu,1342,import,EuropeAndMaghreb,VERGERS,vegetable_processed,0,0.85,1.0,always,from_existing,"Cherry juice, pure juice, at processing {FR} U [cherry-eu] {{cherry-juice-pure-juice-eu}}",0,,"Cherry, conventional, national average, at orchard {FR} U","Cherry, at farm (WFLDB) [WFLDB, GLO]",WFLDB
cherry,"Cherry juice, pure juice, at processing {FR} U",fr,"Jus de cerise, jus pur FR",cherry-juice-pure-juice-fr,729.6,reference,France,VERGERS,vegetable_processed,0,0.85,1.0,always,existing,,,,,,Agribalyse 3.2
cherry,"Cherry juice, pure juice, at processing {FR} U",non-eu,"Jus de cerise, jus pur HORS UE",cherry-juice-pure-juice-non-eu,1342,import,OutOfEuropeAndMaghreb,VERGERS,vegetable_processed,0,0.85,1.0,always,from_existing,"Cherry juice, pure juice, at processing {FR} U [cherry-non-eu] {{cherry-juice-pure-juice-non-eu}}",0,,"Cherry, conventional, national average, at orchard {FR} U","Cherry, at farm (WFLDB) [WFLDB, GLO]",WFLDB
cherry,"Cherry juice, pure juice, at processing {FR} U",organic,"Jus de cerise, jus pur Bio",cherry-juice-pure-juice-organic,534.4,organic,France,VERGERS,vegetable_processed;organic,0,0.85,1.0,always,from_existing,"Cherry juice, pure juice, at processing {FR} U [cherry-organic] {{cherry-juice-pure-juice-organic}}",0,,"Cherry, conventional, national average, at orchard {FR} U","Cherry, organic 2025, national average, at orchard {FR} U [Ginko 2025, FR]",Ginko 2025
chicory-root,"Chicory roots, washed and sorted, cut into cossettes, at processing {FR} U",default,"Racines de chicorée, lavées et triées, coupées en cossettes Origine Inconnue",chicory-root-roots-washed-and-sorted-cut-into-cossettes-default,72.3,import,OutOfEuropeAndMaghreb,LEGUMES-FLEURS,vegetable_processed,0,0.9,1.0,always,from_existing,"Chicory roots, washed and sorted, cut into cossettes, at processing {FR} U [chicory-root-default] {{chicory-root-roots-washed-and-sorted-cut-into-cossettes-default}}",0,,"Chicory roots, consumption mix {FR} U","Chicory witloof, early, conventional, root production, at farm gate {FR} U [Agribalyse 3.2, FR]",Agribalyse 3.2
chicory-root,"Chicory roots, washed and sorted, cut into cossettes, at processing {FR} U",eu,"Racines de chicorée, lavées et triées, coupées en cossettes UE",chicory-root-roots-washed-and-sorted-cut-into-cossettes-eu,47.36,import,EuropeAndMaghreb,LEGUMES-FLEURS,vegetable_processed,0,0.9,1.0,always,from_existing,"Chicory roots, washed and sorted, cut into cossettes, at processing {FR} U [chicory-root-eu] {{chicory-root-roots-washed-and-sorted-cut-into-cossettes-eu}}",0,,"Chicory roots, consumption mix {FR} U","Chicory witloof, season, conventional, root production, at farm gate {FR} U [Agribalyse 3.2]",Agribalyse 3.2
chicory-root,"Chicory roots, washed and sorted, cut into cossettes, at processing {FR} U",fr,"Racines de chicorée, lavées et triées, coupées en cossettes FR",chicory-root-roots-washed-and-sorted-cut-into-cossettes-fr,23.55,reference,France,LEGUMES-FLEURS,vegetable_processed,0,0.9,1.0,always,existing,,,,,,Agribalyse 3.2
chicory-root,"Chicory roots, washed and sorted, cut into cossettes, at processing {FR} U",non-eu,"Racines de chicorée, lavées et triées, coupées en cossettes HORS UE",chicory-root-roots-washed-and-sorted-cut-into-cossettes-non-eu,47.36,import,OutOfEuropeAndMaghreb,LEGUMES-FLEURS,vegetable_processed,0,0.9,1.0,always,from_existing,"Chicory roots, washed and sorted, cut into cossettes, at processing {FR} U [chicory-root-non-eu] {{chicory-root-roots-washed-and-sorted-cut-into-cossettes-non-eu}}",0,,"Chicory roots, consumption mix {FR} U","Chicory witloof, season, conventional, root production, at farm gate {FR} U [Agribalyse 3.2]",Agribalyse 3.2
chicory-root,"Chicory roots, washed and sorted, cut into cossettes, at processing {FR} U",organic,"Racines de chicorée, lavées et triées, coupées en cossettes Bio",chicory-root-roots-washed-and-sorted-cut-into-cossettes-organic,17.86,organic,France,LEGUMES-FLEURS,vegetable_processed;organic,0,0.9,1.0,always,from_existing,"Chicory roots, washed and sorted, cut into cossettes, at processing {FR} U [chicory-root-organic] {{chicory-root-roots-washed-and-sorted-cut-into-cossettes-organic}}",0,,"Chicory roots, consumption mix {FR} U","Chicory roots, organic 2025, at farm gate {FR} U [Ginko 2025, FR]",Ginko 2025
coconut-dehusked,"Coconut milk or coconut cream, at plant {FR} U",default,Lait de coco ou crème de coco Origine Inconnue,coconut-dehusked-milk-or-cream-default,37.83,import,OutOfEuropeAndMaghreb,FRUITS A COQUES,dairy_product,0,1.03,1.0,none,from_existing,"Coconut milk or coconut cream, at plant {FR} U [coconut-dehusked-default] {{coconut-dehusked-milk-or-cream-default}}",0,,"Coconut, consumption mix {FR} U","Coconut, dehusked, at farm (WFLDB) [WFLDB, PH]",WFLDB
coconut-dehusked,"Coconut milk or coconut cream, at plant {FR} U",fr,Lait de coco ou crème de coco FR,coconut-dehusked-milk-or-cream-fr,24.48,reference,France,FRUITS A COQUES,dairy_product,0,1.03,1.0,none,existing,,,,,,Agribalyse 3.2
coconut-dehusked,"Coconut milk or coconut cream, at plant {FR} U",non-eu,Lait de coco ou crème de coco HORS UE,coconut-dehusked-milk-or-cream-non-eu,24.48,import,OutOfEuropeAndMaghreb,FRUITS A COQUES,dairy_product,0,1.03,1.0,none,existing,,,,,,Agribalyse 3.2
coconut-dehusked,"Coconut milk or coconut cream, at plant {FR} U",organic,Lait de coco ou crème de coco Bio,coconut-dehusked-milk-or-cream-organic,21.78,organic,France,FRUITS A COQUES,dairy_product;organic,0,1.03,1.0,none,from_existing,"Coconut milk or coconut cream, at plant {FR} U [coconut-dehusked-organic] {{coconut-dehusked-milk-or-cream-organic}}",0,,"Coconut, consumption mix {FR} U","Coconut, dehusked, organic 2025 {RoW}| coconut production, dehusked | Cut-off, U [Ginko 2025, RoW]",Ginko 2025
durum-wheat,"Durum wheat, for canned ravioli filled with meat, in tomato sauce {FR} U",default,"Blé dur, en sauce tomate Origine Inconnue",durum-wheat-in-tomato-sauce-default,131.7,import,OutOfEuropeAndMaghreb,BLE TENDRE,grain_processed,0,0.75,1.0,none,from_existing,"Durum wheat, for canned ravioli filled with meat, in tomato sauce {FR} U [durum-wheat-default] {{durum-wheat-in-tomato-sauce-default}}",0,,"Durum wheat grain, conventional, national average, at farm gate {FR} U","Durum wheat grain, at farm {AU} - Adapted from WFLDB U [Agribalyse 3.2]",Agribalyse 3.2
durum-wheat,"Durum wheat, for canned ravioli filled with meat, in tomato sauce {FR} U",eu,"Blé dur, en sauce tomate UE",durum-wheat-in-tomato-sauce-eu,119.8,import,EuropeAndMaghreb,BLE TENDRE,grain_processed,0,0.75,1.0,none,from_existing,"Durum wheat, for canned ravioli filled with meat, in tomato sauce {FR} U [durum-wheat-eu] {{durum-wheat-in-tomato-sauce-eu}}",0,,"Durum wheat grain, conventional, national average, at farm gate {FR} U","Durum wheat grain, at farm {ES} - Adapted from WFLDB U [Agribalyse 3.2]",Agribalyse 3.2
durum-wheat,"Durum wheat, for canned ravioli filled with meat, in tomato sauce {FR} U",fr,"Blé dur, en sauce tomate FR",durum-wheat-in-tomato-sauce-fr,97.76,reference,France,BLE TENDRE,grain_processed,0,0.75,1.0,none,existing,,,,,,Agribalyse 3.2
durum-wheat,"Durum wheat, for canned ravioli filled with meat, in tomato sauce {FR} U",non-eu,"Blé dur, en sauce tomate HORS UE",durum-wheat-in-tomato-sauce-non-eu,119.8,import,OutOfEuropeAndMaghreb,BLE TENDRE,grain_processed,0,0.75,1.0,none,from_existing,"Durum wheat, for canned ravioli filled with meat, in tomato sauce {FR} U [durum-wheat-non-eu] {{durum-wheat-in-tomato-sauce-non-eu}}",0,,"Durum wheat grain, conventional, national average, at farm gate {FR} U","Durum wheat grain, at farm {GLO} - Adapted from WFLDB U [Agribalyse 3.2]",Agribalyse 3.2
durum-wheat,"Durum wheat, for canned ravioli filled with meat, in tomato sauce {FR} U",organic,"Blé dur, en sauce tomate Bio",durum-wheat-in-tomato-sauce-organic,115.6,organic,France,BLE TENDRE,grain_processed;organic,0,0.75,1.0,none,from_existing,"Durum wheat, for canned ravioli filled with meat, in tomato sauce {FR} U [durum-wheat-organic] {{durum-wheat-in-tomato-sauce-organic}}",0,,"Durum wheat grain, conventional, national average, at farm gate {FR} U","Durum wheat grain, at farm, organic 2025 {GLO} [Ginko 2025, GLO]",Ginko 2025
egg,"Chicken egg, raw, without shell, at plant {FR} U",default,"Oeufs de poulet crus, sans coquille Origine Inconnue",egg-chicken-raw-without-shell-default,974.5,import,OutOfEuropeAndMaghreb,,animal_product,0,1.05,1.0,always,from_existing,"Chicken egg, raw, without shell, at plant {FR} U [egg-default] {{egg-chicken-raw-without-shell-default}}",0,,"Chicken egg, raw, consumption mix {FR} U","Chicken egg, poultry industrial laying systems, at farm (WFLDB) [WFLDB, CA]",WFLDB
egg,"Chicken egg, raw, without shell, at plant {FR} U",eu,"Oeufs de poulet crus, sans coquille UE",egg-chicken-raw-without-shell-eu,974.5,import,EuropeAndMaghreb,,animal_product,0,1.05,1.0,always,from_existing,"Chicken egg, raw, without shell, at plant {FR} U [egg-eu] {{egg-chicken-raw-without-shell-eu}}",0,,"Chicken egg, raw, consumption mix {FR} U","Chicken egg, poultry industrial laying systems, at farm (WFLDB) [WFLDB, CA]",WFLDB
egg,"Chicken egg, raw, without shell, at plant {FR} U",fr,"Oeufs de poulet crus, sans coquille FR",egg-chicken-raw-without-shell-fr,357.1,reference,France,,animal_product,0,1.05,1.0,always,existing,,,,,,Agribalyse 3.2
egg,"Chicken egg, raw, without shell, at plant {FR} U",non-eu,"Oeufs de poulet crus, sans coquille HORS UE",egg-chicken-raw-without-shell-non-eu,974.5,import,OutOfEuropeAndMaghreb,,animal_product,0,1.05,1.0,always,from_existing,"Chicken egg, raw, without shell, at plant {FR} U [egg-non-eu] {{egg-chicken-raw-without-shell-non-eu}}",0,,"Chicken egg, raw, consumption mix {FR} U","Chicken egg, poultry industrial laying systems, at farm (WFLDB) [WFLDB, CA]",WFLDB
egg,"Chicken egg, raw, without shell, at plant {FR} U",organic,"Oeufs de poulet crus, sans coquille Bio",egg-chicken-raw-without-shell-organic,344.2,organic,France,,animal_product;organic,0,1.05,1.0,always,from_existing,"Chicken egg, raw, without shell, at plant {FR} U [egg-organic] {{egg-chicken-raw-without-shell-organic}}",0,,"Chicken egg, raw, consumption mix {FR} U","Egg, organic, at farm gate {FR} U [Agribalyse 3.2, FR]",Agribalyse 3.2
egg,"Egg white, raw, at processing {FR} U",default,"Blanc d'oeufs, cru Origine Inconnue",egg-white-raw-default,974.5,import,OutOfEuropeAndMaghreb,,animal_product,0,1.05,1.0,always,from_existing,"Egg white, raw, at processing {FR} U [egg-default] {{egg-white-raw-default}}",0,,"Chicken egg, raw, consumption mix {FR} U","Chicken egg, poultry industrial laying systems, at farm (WFLDB) [WFLDB, CA]",WFLDB
egg,"Egg white, raw, at processing {FR} U",eu,"Blanc d'oeufs, cru UE",egg-white-raw-eu,974.5,import,EuropeAndMaghreb,,animal_product,0,1.05,1.0,always,from_existing,"Egg white, raw, at processing {FR} U [egg-eu] {{egg-white-raw-eu}}",0,,"Chicken egg, raw, consumption mix {FR} U","Chicken egg, poultry industrial laying systems, at farm (WFLDB) [WFLDB, CA]",WFLDB
egg,"Egg white, raw, at processing {FR} U",fr,"Blanc d'oeufs, cru FR",egg-white-raw-fr,357.1,reference,France,,animal_product,0,1.05,1.0,always,existing,,,,,,Agribalyse 3.2
egg,"Egg white, raw, at processing {FR} U",non-eu,"Blanc d'oeufs, cru HORS UE",egg-white-raw-non-eu,974.5,import,OutOfEuropeAndMaghreb,,animal_product,0,1.05,1.0,always,from_existing,"Egg white, raw, at processing {FR} U [egg-non-eu] {{egg-white-raw-non-eu}}",0,,"Chicken egg, raw, consumption mix {FR} U","Chicken egg, poultry industrial laying systems, at farm (WFLDB) [WFLDB, CA]",WFLDB
egg,"Egg white, raw, at processing {FR} U",organic,"Blanc d'oeufs, cru Bio",egg-white-raw-organic,344.2,organic,France,,animal_product;organic,0,1.05,1.0,always,from_existing,"Egg white, raw, at processing {FR} U [egg-organic] {{egg-white-raw-organic}}",0,,"Chicken egg, raw, consumption mix {FR} U","Egg, organic, at farm gate {FR} U [Agribalyse 3.2, FR]",Agribalyse 3.2
fennel,"Fennel, peeled, at processing {FR} U",default,"Fenouil, pelé Origine Inconnue",fennel-peeled-default,153.8,import,OutOfEuropeAndMaghreb,LEGUMES-FLEURS,vegetable_processed,0,0.9,1.0,always,existing,,,,,,Agribalyse 3.2
fennel,"Fennel, peeled, at processing {FR} U",eu,"Fenouil, pelé UE",fennel-peeled-eu,153.8,import,EuropeAndMaghreb,LEGUMES-FLEURS,vegetable_processed,0,0.9,1.0,always,existing,,,,,,Agribalyse 3.2
fennel,"Fennel, peeled, at processing {FR} U",fr,"Fenouil, pelé FR",fennel-peeled-fr,153.8,reference,France,LEGUMES-FLEURS,vegetable_processed,0,0.9,1.0,always,existing,,,,,,Agribalyse 3.2
fennel,"Fennel, peeled, at processing {FR} U",non-eu,"Fenouil, pelé HORS UE",fennel-peeled-non-eu,153.8,import,OutOfEuropeAndMaghreb,LEGUMES-FLEURS,vegetable_processed,0,0.9,1.0,always,existing,,,,,,Agribalyse 3.2
fennel,"Fennel, peeled, at processing {FR} U",organic,"Fenouil, pelé Bio",fennel-peeled-organic,76.76,organic,France,LEGUMES-FLEURS,vegetable_processed;organic,0,0.9,1.0,always,from_existing,"Fennel, peeled, at processing {FR} U [fennel-organic] {{fennel-peeled-organic}}",0,,"Fennel, consumption mix {FR} U","Fennel, organic 2025 {GLO}| production | Cut-off, U [Ginko 2025, GLO]",Ginko 2025
french-bean,"French bean, for canned and frozen products, trimmed, at processing {FR} U",default,"Haricots français, coupés Origine Inconnue",french-bean-trimmed-default,88.76,import,OutOfEuropeAndMaghreb,FRUITS A COQUES,nut_oilseed_processed,0,0.6,1.0,always,existing,,,,,,Agribalyse 3.2
french-bean,"French bean, for canned and frozen products, trimmed, at processing {FR} U",eu,"Haricots français, coupés UE",french-bean-trimmed-eu,88.76,import,EuropeAndMaghreb,FRUITS A COQUES,nut_oilseed_processed,0,0.6,1.0,always,existing,,,,,,Agribalyse 3.2
french-bean,"French bean, for canned and frozen products, trimmed, at processing {FR} U",fr,"Haricots français, coupés FR",french-bean-trimmed-fr,88.76,reference,France,FRUITS A COQUES,nut_oilseed_processed,0,0.6,1.0,always,existing,,,,,,Agribalyse 3.2
french-bean,"French bean, for canned and frozen products, trimmed, at processing {FR} U",non-eu,"Haricots français, coupés HORS UE",french-bean-trimmed-non-eu,88.76,import,OutOfEuropeAndMaghreb,FRUITS A COQUES,nut_oilseed_processed,0,0.6,1.0,always,existing,,,,,,Agribalyse 3.2
french-bean,"French bean, for canned and frozen products, trimmed, at processing {FR} U",organic,"Haricots français, coupés Bio",french-bean-trimmed-organic,43.11,organic,France,FRUITS A COQUES,nut_oilseed_processed;organic,0,0.6,1.0,always,from_existing,"French bean, for canned and frozen products, trimmed, at processing {FR} U [french-bean-organic] {{french-bean-trimmed-organic}}",0,,"French bean, for canned and frozen products, consumption mix {FR} U","French bean, organic 2025, national average, at farm gate {FR} U [Ginko 2025, FR]",Ginko 2025
french-bean,"French bean, peeled, at processing {FR} U",default,"Haricot français, pelé Origine Inconnue",french-bean-peeled-default,78.13,import,OutOfEuropeAndMaghreb,LEGUMINEUSES A GRAIN,vegetable_processed,0,0.8,1.0,always,existing,,,,,,Agribalyse 3.2
french-bean,"French bean, peeled, at processing {FR} U",eu,"Haricot français, pelé UE",french-bean-peeled-eu,78.13,import,EuropeAndMaghreb,LEGUMINEUSES A GRAIN,vegetable_processed,0,0.8,1.0,always,existing,,,,,,Agribalyse 3.2
french-bean,"French bean, peeled, at processing {FR} U",fr,"Haricot français, pelé FR",french-bean-peeled-fr,78.13,reference,France,LEGUMINEUSES A GRAIN,vegetable_processed,0,0.8,1.0,always,existing,,,,,,Agribalyse 3.2
french-bean,"French bean, peeled, at processing {FR} U",non-eu,"Haricot français, pelé HORS UE",french-bean-peeled-non-eu,78.13,import,OutOfEuropeAndMaghreb,LEGUMINEUSES A GRAIN,vegetable_processed,0,0.8,1.0,always,existing,,,,,,Agribalyse 3.2
french-bean,"French bean, peeled, at processing {FR} U",organic,"Haricot français, pelé Bio",french-bean-peeled-organic,35.77,organic,France,LEGUMINEUSES A GRAIN,vegetable_processed;organic,0,0.8,1.0,always,from_existing,"French bean, peeled, at processing {FR} U [french-bean-organic] {{french-bean-peeled-organic}}",0,,"French bean, consumption mix {FR} U","French bean, organic 2025, national average, at farm gate {FR} U [Ginko 2025, FR]",Ginko 2025
grape,"Frozen concentrated grape juice, at processing {IT} U",default,Jus de raisin concentré congelé Origine Inconnue,grape-frozen-concentrated-juice-default,2707,import,OutOfEuropeAndMaghreb,VIGNES,vegetable_processed,0,1.054,1.0,always,existing,,,,,,Agribalyse 3.2
grape,"Frozen concentrated grape juice, at processing {IT} U",eu,Jus de raisin concentré congelé UE,grape-frozen-concentrated-juice-eu,2707,import,EuropeAndMaghreb,VIGNES,vegetable_processed,0,1.054,1.0,always,existing,,,,,,Agribalyse 3.2
grape,"Frozen concentrated grape juice, at processing {IT} U",fr,Jus de raisin concentré congelé FR,grape-frozen-concentrated-juice-fr,565.5,reference,France,VIGNES,vegetable_processed,0,1.054,1.0,always,from_existing,"Frozen concentrated grape juice, at processing {IT} U [grape-fr] {{grape-frozen-concentrated-juice-fr}}",0,,"Grape, wine grape, at farm {IT} - Adapted from WFLDB U","Grape, integrated, french mix {FR} U [Agribalyse 3.2]",Agribalyse 3.2
grape,"Frozen concentrated grape juice, at processing {IT} U",organic,Jus de raisin concentré congelé Bio,grape-frozen-concentrated-juice-organic,765.2,organic,France,VIGNES,vegetable_processed;organic,0,1.054,1.0,always,from_existing,"Frozen concentrated grape juice, at processing {IT} U [grape-organic] {{grape-frozen-concentrated-juice-organic}}",0,,"Grape, wine grape, at farm {IT} - Adapted from WFLDB U","Grape, wine grape, at farm, organic 2025 {IT} [Ginko 2025, IT]",Ginko 2025
grape,"Grape juice, pure juice, at processing {IT} U",default,"Jus de raisin, jus pur Origine Inconnue",grape-juice-pure-juice-default,657.8,import,OutOfEuropeAndMaghreb,VIGNES,vegetable_processed,0,1.054,1.0,always,existing,,,,,,Agribalyse 3.2
grape,"Grape juice, pure juice, at processing {IT} U",eu,"Jus de raisin, jus pur UE",grape-juice-pure-juice-eu,657.8,import,EuropeAndMaghreb,VIGNES,vegetable_processed,0,1.054,1.0,always,existing,,,,,,Agribalyse 3.2
grape,"Grape juice, pure juice, at processing {IT} U",fr,"Jus de raisin, jus pur FR",grape-juice-pure-juice-fr,133.3,reference,France,VIGNES,vegetable_processed,0,1.054,1.0,always,from_existing,"Grape juice, pure juice, at processing {IT} U [grape-fr] {{grape-juice-pure-juice-fr}}",0,,"Grape, wine grape, at farm {IT} - Adapted from WFLDB U","Grape, integrated, french mix {FR} U [Agribalyse 3.2]",Agribalyse 3.2
grape,"Grape juice, pure juice, at processing {IT} U",organic,"Jus de raisin, jus pur Bio",grape-juice-pure-juice-organic,182.3,organic,France,VIGNES,vegetable_processed;organic,0,1.054,1.0,always,from_existing,"Grape juice, pure juice, at processing {IT} U [grape-organic] {{grape-juice-pure-juice-organic}}",0,,"Grape, wine grape, at farm {IT} - Adapted from WFLDB U","Grape, wine grape, at farm, organic 2025 {IT} [Ginko 2025, IT]",Ginko 2025
hazelnut-in-shell,"Hazelnut, unshelled, at plant {IT} U",default,Noisettes décortiquées Origine Inconnue,hazelnut-in-shell-unshelled-default,3415,import,OutOfEuropeAndMaghreb,FRUITS A COQUES,nut_oilseed_processed,0,0.55,1.0,none,from_existing,"Hazelnut, unshelled, at plant {IT} U [hazelnut-in-shell-default] {{hazelnut-in-shell-unshelled-default}}",0,,"Hazelnut, in shell, at farm {IT} - Adapted from WFLDB U","Hazelnut, in shell, at farm (WFLDB) [WFLDB, US]",WFLDB
hazelnut-in-shell,"Hazelnut, unshelled, at plant {IT} U",eu,Noisettes décortiquées UE,hazelnut-in-shell-unshelled-eu,1371,import,EuropeAndMaghreb,FRUITS A COQUES,nut_oilseed_processed,0,0.55,1.0,none,existing,,,,,,Agribalyse 3.2
hazelnut-in-shell,"Hazelnut, unshelled, at plant {IT} U",fr,Noisettes décortiquées FR,hazelnut-in-shell-unshelled-fr,1371,reference,France,FRUITS A COQUES,nut_oilseed_processed,0,0.55,1.0,none,existing,,,,,,Agribalyse 3.2
hazelnut-in-shell,"Hazelnut, unshelled, at plant {IT} U",non-eu,Noisettes décortiquées HORS UE,hazelnut-in-shell-unshelled-non-eu,978.3,import,OutOfEuropeAndMaghreb,FRUITS A COQUES,nut_oilseed_processed,0,0.55,1.0,none,from_existing,"Hazelnut, unshelled, at plant {IT} U [hazelnut-in-shell-non-eu] {{hazelnut-in-shell-unshelled-non-eu}}",0,,"Hazelnut, in shell, at farm {IT} - Adapted from WFLDB U","Hazelnut, in shell, at farm {TR} - Adapted from WFLDB U [Agribalyse 3.2]",Agribalyse 3.2
hazelnut-in-shell,"Hazelnut, unshelled, at plant {IT} U",organic,Noisettes décortiquées Bio,hazelnut-in-shell-unshelled-organic,1333,organic,France,FRUITS A COQUES,nut_oilseed_processed;organic,0,0.55,1.0,none,from_existing,"Hazelnut, unshelled, at plant {IT} U [hazelnut-in-shell-organic] {{hazelnut-in-shell-unshelled-organic}}",0,,"Hazelnut, in shell, at farm {IT} - Adapted from WFLDB U","Hazelnut, in shell, at farm, organic 2025 {IT} [Ginko 2025, IT]",Ginko 2025
kiwi,"Kiwi FR, conventional, national average, at plant {FR} U",default,Kiwi FR Origine Inconnue,kiwi-fr-default,59.1,import,OutOfEuropeAndMaghreb,VERGERS,vegetable_processed,0,1.0,1.0,always,existing,,,,,,Agribalyse 3.2
kiwi,"Kiwi FR, conventional, national average, at plant {FR} U",eu,Kiwi FR UE,kiwi-fr-eu,59.1,import,EuropeAndMaghreb,VERGERS,vegetable_processed,0,1.0,1.0,always,existing,,,,,,Agribalyse 3.2
kiwi,"Kiwi FR, conventional, national average, at plant {FR} U",fr,Kiwi FR FR,kiwi-fr-fr,59.1,reference,France,VERGERS,vegetable_processed,0,1.0,1.0,always,existing,,,,,,Agribalyse 3.2
kiwi,"Kiwi FR, conventional, national average, at plant {FR} U",non-eu,Kiwi FR HORS UE,kiwi-fr-non-eu,58.45,import,OutOfEuropeAndMaghreb,VERGERS,vegetable_processed,0,1.0,1.0,always,from_existing,"Kiwi FR, conventional, national average, at plant {FR} U [kiwi-non-eu] {{kiwi-fr-non-eu}}",0,,"Kiwi FR, conventional, national average, at orchard {FR} U","Kiwi {GLO}| production | Cut-off, U - Adapted from Ecoinvent U [Agribalyse 3.2]",Agribalyse 3.2
kiwi,"Kiwi FR, conventional, national average, at plant {FR} U",organic,Kiwi FR Bio,kiwi-fr-organic,55.5,organic,France,VERGERS,vegetable_processed;organic,0,1.0,1.0,always,from_existing,"Kiwi FR, conventional, national average, at plant {FR} U [kiwi-organic] {{kiwi-fr-organic}}",0,,"Kiwi FR, conventional, national average, at orchard {FR} U","Kiwi, organic 2025 {GLO}| production | Cut-off, U [Ginko 2025, GLO]",Ginko 2025
leek,"Leek, peeled, at processing {FR} U",default,"Poireau, pelé Origine Inconnue",leek-peeled-default,144.9,import,OutOfEuropeAndMaghreb,LEGUMES-FLEURS,vegetable_processed,0,0.9,1.0,always,from_existing,"Leek, peeled, at processing {FR} U [leek-default] {{leek-peeled-default}}",0,,"Leek, consumption mix {FR} U","Leek, early sown, conventional, at farm gate {FR} U [Agribalyse 3.2, FR]",Agribalyse 3.2
leek,"Leek, peeled, at processing {FR} U",eu,"Poireau, pelé UE",leek-peeled-eu,68.74,import,EuropeAndMaghreb,LEGUMES-FLEURS,vegetable_processed,0,0.9,1.0,always,existing,,,,,,Agribalyse 3.2
leek,"Leek, peeled, at processing {FR} U",fr,"Poireau, pelé FR",leek-peeled-fr,68.74,reference,France,LEGUMES-FLEURS,vegetable_processed,0,0.9,1.0,always,existing,,,,,,Agribalyse 3.2
leek,"Leek, peeled, at processing {FR} U",non-eu,"Poireau, pelé HORS UE",leek-peeled-non-eu,68.74,import,OutOfEuropeAndMaghreb,LEGUMES-FLEURS,vegetable_processed,0,0.9,1.0,always,existing,,,,,,Agribalyse 3.2
leek,"Leek, peeled, at processing {FR} U",organic,"Poireau, pelé Bio",leek-peeled-organic,30.05,organic,France,LEGUMES-FLEURS,vegetable_processed;organic,0,0.9,1.0,always,from_existing,"Leek, peeled, at processing {FR} U [leek-organic] {{leek-peeled-organic}}",0,,"Leek, consumption mix {FR} U","Leek, organic 2025, national average, at plant {FR} U [Ginko 2025, FR]",Ginko 2025
lemon,"Lemon, for grated carrots {FR} U",default,"Citron, pour carottes râpées Origine Inconnue",lemon-for-grated-carrots-default,258.5,import,OutOfEuropeAndMaghreb,VERGERS,vegetable_processed,0,1.0,1.0,always,from_existing,"Lemon, for grated carrots {FR} U [lemon-default] {{lemon-for-grated-carrots-default}}",0,,"Lemon {ES}| lemon production | Cut-off, U - Adapted from Ecoinvent U","Lemon, at farm (WFLDB) [WFLDB, GLO]",WFLDB
lemon,"Lemon, for grated carrots {FR} U",eu,"Citron, pour carottes râpées UE",lemon-for-grated-carrots-eu,120,import,EuropeAndMaghreb,VERGERS,vegetable_processed,0,1.0,1.0,always,existing,,,,,,Agribalyse 3.2
lemon,"Lemon, for grated carrots {FR} U",fr,"Citron, pour carottes râpées FR",lemon-for-grated-carrots-fr,120,reference,France,VERGERS,vegetable_processed,0,1.0,1.0,always,existing,,,,,,Agribalyse 3.2
lemon,"Lemon, for grated carrots {FR} U",non-eu,"Citron, pour carottes râpées HORS UE",lemon-for-grated-carrots-non-eu,258.5,import,OutOfEuropeAndMaghreb,VERGERS,vegetable_processed,0,1.0,1.0,always,from_existing,"Lemon, for grated carrots {FR} U [lemon-non-eu] {{lemon-for-grated-carrots-non-eu}}",0,,"Lemon {ES}| lemon production | Cut-off, U - Adapted from Ecoinvent U","Lemon, at farm (WFLDB) [WFLDB, GLO]",WFLDB
lemon,"Lemon, for grated carrots {FR} U",organic,"Citron, pour carottes râpées Bio",lemon-for-grated-carrots-organic,32.94,organic,France,VERGERS,vegetable_processed;organic,0,1.0,1.0,always,from_existing,"Lemon, for grated carrots {FR} U [lemon-organic] {{lemon-for-grated-carrots-organic}}",0,,"Lemon {ES}| lemon production | Cut-off, U - Adapted from Ecoinvent U","Lemon, at farm, organic 2025 {IT} U [Ginko 2025, IT]",Ginko 2025
lemon,"Lemon, peeled, at processing {FR} U",default,"Citron, pelé Origine Inconnue",lemon-peeled-default,366.6,import,OutOfEuropeAndMaghreb,VERGERS,vegetable_processed,0,1.0,1.0,always,from_existing,"Lemon, peeled, at processing {FR} U [lemon-default] {{lemon-peeled-default}}",0,,"Lemon, consumption mix {FR} U","Lemon, at farm (WFLDB) [WFLDB, GLO]",WFLDB
lemon,"Lemon, peeled, at processing {FR} U",eu,"Citron, pelé UE",lemon-peeled-eu,177.4,import,EuropeAndMaghreb,VERGERS,vegetable_processed,0,1.0,1.0,always,existing,,,,,,Agribalyse 3.2
lemon,"Lemon, peeled, at processing {FR} U",fr,"Citron, pelé FR",lemon-peeled-fr,177.4,reference,France,VERGERS,vegetable_processed,0,1.0,1.0,always,existing,,,,,,Agribalyse 3.2
lemon,"Lemon, peeled, at processing {FR} U",non-eu,"Citron, pelé HORS UE",lemon-peeled-non-eu,366.6,import,OutOfEuropeAndMaghreb,VERGERS,vegetable_processed,0,1.0,1.0,always,from_existing,"Lemon, peeled, at processing {FR} U [lemon-non-eu] {{lemon-peeled-non-eu}}",0,,"Lemon, consumption mix {FR} U","Lemon, at farm (WFLDB) [WFLDB, GLO]",WFLDB
lemon,"Lemon, peeled, at processing {FR} U",organic,"Citron, pelé Bio",lemon-peeled-organic,44.55,organic,France,VERGERS,vegetable_processed;organic,0,1.0,1.0,always,from_existing,"Lemon, peeled, at processing {FR} U [lemon-organic] {{lemon-peeled-organic}}",0,,"Lemon, consumption mix {FR} U","Lemon, at farm, organic 2025 {IT} U [Ginko 2025, IT]",Ginko 2025
lentil,"Lentils, canned {FR} U",default,"Lentilles, en conserve Origine Inconnue",lentil-canned-default,416.8,import,OutOfEuropeAndMaghreb,LEGUMINEUSES A GRAIN,vegetable_processed,0,0.8,1.0,none,existing,,,,,,Agribalyse 3.2
lentil,"Lentils, canned {FR} U",eu,"Lentilles, en conserve UE",lentil-canned-eu,416.8,import,EuropeAndMaghreb,LEGUMINEUSES A GRAIN,vegetable_processed,0,0.8,1.0,none,existing,,,,,,Agribalyse 3.2
lentil,"Lentils, canned {FR} U",fr,"Lentilles, en conserve FR",lentil-canned-fr,416.8,reference,France,LEGUMINEUSES A GRAIN,vegetable_processed,0,0.8,1.0,none,existing,,,,,,Agribalyse 3.2
lentil,"Lentils, canned {FR} U",non-eu,"Lentilles, en conserve HORS UE",lentil-canned-non-eu,416.8,import,OutOfEuropeAndMaghreb,LEGUMINEUSES A GRAIN,vegetable_processed,0,0.8,1.0,none,existing,,,,,,Agribalyse 3.2
lentil,"Lentils, canned {FR} U",organic,"Lentilles, en conserve Bio",lentil-canned-organic,37.47,organic,France,LEGUMINEUSES A GRAIN,vegetable_processed;organic,0,0.8,1.0,none,from_existing,"Lentils, canned {FR} U [lentil-organic] {{lentil-canned-organic}}",0,,"Lentils, consumption mix {FR} U","Lentil, organic 2025 {CA-SK}| lentil production | Cut-off, U [Ginko 2025, CA-SK]",Ginko 2025
mint,"Mint, peeled, at processing {FR} U",default,Menthe pelée Origine Inconnue,mint-peeled-default,71.42,import,OutOfEuropeAndMaghreb,AUTRES CULTURES INDUSTRIELLES,vegetable_processed,0,0.9,1.0,always,from_existing,"Mint, peeled, at processing {FR} U [mint-default] {{mint-peeled-default}}",0,,"Mint, fresh, consumption mix {FR} U","Mint, at farm (WFLDB) [WFLDB, IN]",WFLDB
mint,"Mint, peeled, at processing {FR} U",eu,Menthe pelée UE,mint-peeled-eu,61.1,import,EuropeAndMaghreb,AUTRES CULTURES INDUSTRIELLES,vegetable_processed,0,0.9,1.0,always,from_existing,"Mint, peeled, at processing {FR} U [mint-eu] {{mint-peeled-eu}}",0,,"Mint, fresh, consumption mix {FR} U","Mint {IN}| mint production | Cut-off, U [Ecoinvent 3.11]",Ecoinvent 3.11
mint,"Mint, peeled, at processing {FR} U",fr,Menthe pelée FR,mint-peeled-fr,67.4,reference,France,AUTRES CULTURES INDUSTRIELLES,vegetable_processed,0,0.9,1.0,always,existing,,,,,,Agribalyse 3.2
mint,"Mint, peeled, at processing {FR} U",non-eu,Menthe pelée HORS UE,mint-peeled-non-eu,61.1,import,OutOfEuropeAndMaghreb,AUTRES CULTURES INDUSTRIELLES,vegetable_processed,0,0.9,1.0,always,from_existing,"Mint, peeled, at processing {FR} U [mint-non-eu] {{mint-peeled-non-eu}}",0,,"Mint, fresh, consumption mix {FR} U","Mint {IN}| mint production | Cut-off, U [Ecoinvent 3.11]",Ecoinvent 3.11
onion,"Chive or spring onion, peeled, at processing {FR} U",default,"Ciboulette ou oignon nouveau, pelé Origine Inconnue",onion-chive-or-spring-peeled-default,176,import,OutOfEuropeAndMaghreb,LEGUMES-FLEURS,vegetable_processed,0,0.9,1.0,always,from_existing,"Chive or spring onion, peeled, at processing {FR} U [onion-default] {{onion-chive-or-spring-peeled-default}}",0,,"Chive or spring onion, fresh, consumption mix {FR} U","Onion, at farm (WFLDB) [WFLDB, NZ]",WFLDB
onion,"Chive or spring onion, peeled, at processing {FR} U",eu,"Ciboulette ou oignon nouveau, pelé UE",onion-chive-or-spring-peeled-eu,55.03,import,EuropeAndMaghreb,LEGUMES-FLEURS,vegetable_processed,0,0.9,1.0,always,from_existing,"Chive or spring onion, peeled, at processing {FR} U [onion-eu] {{onion-chive-or-spring-peeled-eu}}",0,,"Chive or spring onion, fresh, consumption mix {FR} U","Onion {NL}| onion production | Cut-off, U - Adapted from Ecoinvent U [Agribalyse 3.2]",Agribalyse 3.2
onion,"Chive or spring onion, peeled, at processing {FR} U",fr,"Ciboulette ou oignon nouveau, pelé FR",onion-chive-or-spring-peeled-fr,33.33,reference,France,LEGUMES-FLEURS,vegetable_processed,0,0.9,1.0,always,existing,,,,,,Agribalyse 3.2
onion,"Chive or spring onion, peeled, at processing {FR} U",non-eu,"Ciboulette ou oignon nouveau, pelé HORS UE",onion-chive-or-spring-peeled-non-eu,89.82,import,OutOfEuropeAndMaghreb,LEGUMES-FLEURS,vegetable_processed,0,0.9,1.0,always,from_existing,"Chive or spring onion, peeled, at processing {FR} U [onion-non-eu] {{onion-chive-or-spring-peeled-non-eu}}",0,,"Chive or spring onion, fresh, consumption mix {FR} U","Onion {RoW}| onion production | Cut-off, U - Copied from Ecoinvent U [Agribalyse 3.2]",Agribalyse 3.2
onion,"Chive or spring onion, peeled, at processing {FR} U",organic,"Ciboulette ou oignon nouveau, pelé Bio",onion-chive-or-spring-peeled-organic,20.93,organic,France,LEGUMES-FLEURS,vegetable_processed;organic,0,0.9,1.0,always,from_existing,"Chive or spring onion, peeled, at processing {FR} U [onion-organic] {{onion-chive-or-spring-peeled-organic}}",0,,"Chive or spring onion, fresh, consumption mix {FR} U","Onion, organic 2025, national average, at farm {FR} U [Ginko 2025, FR]",Ginko 2025
onion,"Frozen onion, production, 1kg of frozen vegetable {FR} U",default,Oignon congelé Origine Inconnue,onion-frozen-default,179.4,import,OutOfEuropeAndMaghreb,LEGUMES-FLEURS,vegetable_processed,0,1.0,1.0,always,from_existing,"Frozen onion, production, 1kg of frozen vegetable {FR} U [onion-default] {{onion-frozen-default}}",0,,"Chive or spring onion, fresh, consumption mix {FR} U","Onion, at farm (WFLDB) [WFLDB, NZ]",WFLDB
onion,"Frozen onion, production, 1kg of frozen vegetable {FR} U",eu,Oignon congelé UE,onion-frozen-eu,58.39,import,EuropeAndMaghreb,LEGUMES-FLEURS,vegetable_processed,0,1.0,1.0,always,from_existing,"Frozen onion, production, 1kg of frozen vegetable {FR} U [onion-eu] {{onion-frozen-eu}}",0,,"Chive or spring onion, fresh, consumption mix {FR} U","Onion {NL}| onion production | Cut-off, U - Adapted from Ecoinvent U [Agribalyse 3.2]",Agribalyse 3.2
onion,"Frozen onion, production, 1kg of frozen vegetable {FR} U",fr,Oignon congelé FR,onion-frozen-fr,36.69,reference,France,LEGUMES-FLEURS,vegetable_processed,0,1.0,1.0,always,existing,,,,,,Agribalyse 3.2
onion,"Frozen onion, production, 1kg of frozen vegetable {FR} U",non-eu,Oignon congelé HORS UE,onion-frozen-non-eu,93.19,import,OutOfEuropeAndMaghreb,LEGUMES-FLEURS,vegetable_processed,0,1.0,1.0,always,from_existing,"Frozen onion, production, 1kg of frozen vegetable {FR} U [onion-non-eu] {{onion-frozen-non-eu}}",0,,"Chive or spring onion, fresh, consumption mix {FR} U","Onion {RoW}| onion production | Cut-off, U - Copied from Ecoinvent U [Agribalyse 3.2]",Agribalyse 3.2
onion,"Frozen onion, production, 1kg of frozen vegetable {FR} U",organic,Oignon congelé Bio,onion-frozen-organic,24.29,organic,France,LEGUMES-FLEURS,vegetable_processed;organic,0,1.0,1.0,always,from_existing,"Frozen onion, production, 1kg of frozen vegetable {FR} U [onion-organic] {{onion-frozen-organic}}",0,,"Chive or spring onion, fresh, consumption mix {FR} U","Onion, organic 2025, national average, at farm {FR} U [Ginko 2025, FR]",Ginko 2025
onion,"Onions, peeled, at processing {FR} U",default,Oignons pelés Origine Inconnue,onion-peeled-default,152.7,import,OutOfEuropeAndMaghreb,LEGUMES-FLEURS,vegetable_processed,0,1.0,1.0,always,from_existing,"Onions, peeled, at processing {FR} U [onion-default] {{onion-peeled-default}}",0,,"Onions, consumption mix {FR} U","Onion, at farm (WFLDB) [WFLDB, NZ]",WFLDB
onion,"Onions, peeled, at processing {FR} U",eu,Oignons pelés UE,onion-peeled-eu,31.61,import,EuropeAndMaghreb,LEGUMES-FLEURS,vegetable_processed,0,1.0,1.0,always,existing,,,,,,Agribalyse 3.2
onion,"Onions, peeled, at processing {FR} U",fr,Oignons pelés FR,onion-peeled-fr,31.61,reference,France,LEGUMES-FLEURS,vegetable_processed,0,1.0,1.0,always,existing,,,,,,Agribalyse 3.2
onion,"Onions, peeled, at processing {FR} U",non-eu,Oignons pelés HORS UE,onion-peeled-non-eu,76.87,import,OutOfEuropeAndMaghreb,LEGUMES-FLEURS,vegetable_processed,0,1.0,1.0,always,from_existing,"Onions, peeled, at processing {FR} U [onion-non-eu] {{onion-peeled-non-eu}}",0,,"Onions, consumption mix {FR} U","Onion {RoW}| onion production | Cut-off, U - Copied from Ecoinvent U [Agribalyse 3.2]",Agribalyse 3.2
onion,"Onions, peeled, at processing {FR} U",organic,Oignons pelés Bio,onion-peeled-organic,16.24,organic,France,LEGUMES-FLEURS,vegetable_processed;organic,0,1.0,1.0,always,from_existing,"Onions, peeled, at processing {FR} U [onion-organic] {{onion-peeled-organic}}",0,,"Onions, consumption mix {FR} U","Onion, organic 2025, national average, at farm {FR} U [Ginko 2025, FR]",Ginko 2025
orange,"Orange, peeled, at processing {FR} U",default,"Orange, pelé Origine Inconnue",orange-peeled-default,124.4,import,OutOfEuropeAndMaghreb,VERGERS,vegetable_processed,0,0.95,1.0,always,from_existing,"Orange, peeled, at processing {FR} U [orange-default] {{orange-peeled-default}}",0,,"Orange, consumption mix {FR} U","Orange, fresh grade {ES}| orange production, fresh grade | Cut-off, U - Adapted from Ecoinvent U [Agribalyse 3.2]",Agribalyse 3.2
orange,"Orange, peeled, at processing {FR} U",eu,"Orange, pelé UE",orange-peeled-eu,124.4,import,EuropeAndMaghreb,VERGERS,vegetable_processed,0,0.95,1.0,always,from_existing,"Orange, peeled, at processing {FR} U [orange-eu] {{orange-peeled-eu}}",0,,"Orange, consumption mix {FR} U","Orange, fresh grade {ES}| orange production, fresh grade | Cut-off, U - Adapted from Ecoinvent U [Agribalyse 3.2]",Agribalyse 3.2
orange,"Orange, peeled, at processing {FR} U",fr,"Orange, pelé FR",orange-peeled-fr,125.4,reference,France,VERGERS,vegetable_processed,0,0.95,1.0,always,existing,,,,,,Agribalyse 3.2
orange,"Orange, peeled, at processing {FR} U",non-eu,"Orange, pelé HORS UE",orange-peeled-non-eu,56.94,import,OutOfEuropeAndMaghreb,VERGERS,vegetable_processed,0,0.95,1.0,always,from_existing,"Orange, peeled, at processing {FR} U [orange-non-eu] {{orange-peeled-non-eu}}",0,,"Orange, consumption mix {FR} U","Orange, fresh grade {US}| orange production, fresh grade | Cut-off, U [Ecoinvent 3.11]",Ecoinvent 3.11
orange,"Orange, peeled, at processing {FR} U",organic,"Orange, pelé Bio",orange-peeled-organic,28.39,organic,France,VERGERS,vegetable_processed;organic,0,0.95,1.0,always,from_existing,"Orange, peeled, at processing {FR} U [orange-organic] {{orange-peeled-organic}}",0,,"Orange, consumption mix {FR} U","Orange, processing grade, at farm, organic 2025 {BR} [Ginko 2025, BR]",Ginko 2025
pea-with-pod,"Chick pea flour, at industrial mill {FR} U",default,Farine de pois chiches Origine Inconnue,pea-with-pod-chickpea-flour-default,180.9,import,OutOfEuropeAndMaghreb,LEGUMINEUSES A GRAIN,animal_product,0,1.05,1.0,none,existing,,,,,,Agribalyse 3.2
pea-with-pod,"Chick pea flour, at industrial mill {FR} U",eu,Farine de pois chiches UE,pea-with-pod-chickpea-flour-eu,180.9,import,EuropeAndMaghreb,LEGUMINEUSES A GRAIN,animal_product,0,1.05,1.0,none,existing,,,,,,Agribalyse 3.2
pea-with-pod,"Chick pea flour, at industrial mill {FR} U",fr,Farine de pois chiches FR,pea-with-pod-chickpea-flour-fr,180.9,reference,France,LEGUMINEUSES A GRAIN,animal_product,0,1.05,1.0,none,existing,,,,,,Agribalyse 3.2
pea-with-pod,"Chick pea flour, at industrial mill {FR} U",non-eu,Farine de pois chiches HORS UE,pea-with-pod-chickpea-flour-non-eu,97.76,import,OutOfEuropeAndMaghreb,LEGUMINEUSES A GRAIN,animal_product,0,1.05,1.0,none,from_existing,"Chick pea flour, at industrial mill {FR} U [pea-with-pod-non-eu] {{pea-with-pod-chickpea-flour-non-eu}}",0,,"Chick peas, consumption mix {FR} U","Pea {CH}| pea production, conventional, hill region | Cut-off, U [Ecoinvent 3.11]",Ecoinvent 3.11
pea-with-pod,"Chick pea flour, at industrial mill {FR} U",organic,Farine de pois chiches Bio,pea-with-pod-chickpea-flour-organic,75.94,organic,France,LEGUMINEUSES A GRAIN,animal_product;organic,0,1.05,1.0,none,from_existing,"Chick pea flour, at industrial mill {FR} U [pea-with-pod-organic] {{pea-with-pod-chickpea-flour-organic}}",0,,"Chick peas, consumption mix {FR} U","Winter pea, organic 2025, 15% moisture, at farm gate {FR} U [Ginko 2025, FR]",Ginko 2025
pea-with-pod,"Chick peas, peeled, at processing {FR} U",default,"Pois chiches, pelés Origine Inconnue",pea-with-pod-chickpea-peeled-default,304,import,OutOfEuropeAndMaghreb,LEGUMINEUSES A GRAIN,animal_product,0,1.05,1.0,always,existing,,,,,,Agribalyse 3.2
pea-with-pod,"Chick peas, peeled, at processing {FR} U",eu,"Pois chiches, pelés UE",pea-with-pod-chickpea-peeled-eu,304,import,EuropeAndMaghreb,LEGUMINEUSES A GRAIN,animal_product,0,1.05,1.0,always,existing,,,,,,Agribalyse 3.2
pea-with-pod,"Chick peas, peeled, at processing {FR} U",fr,"Pois chiches, pelés FR",pea-with-pod-chickpea-peeled-fr,304,reference,France,LEGUMINEUSES A GRAIN,animal_product,0,1.05,1.0,always,existing,,,,,,Agribalyse 3.2
pea-with-pod,"Chick peas, peeled, at processing {FR} U",non-eu,"Pois chiches, pelés HORS UE",pea-with-pod-chickpea-peeled-non-eu,164.5,import,OutOfEuropeAndMaghreb,LEGUMINEUSES A GRAIN,animal_product,0,1.05,1.0,always,from_existing,"Chick peas, peeled, at processing {FR} U [pea-with-pod-non-eu] {{pea-with-pod-chickpea-peeled-non-eu}}",0,,"Chick peas, consumption mix {FR} U","Pea {CH}| pea production, conventional, hill region | Cut-off, U [Ecoinvent 3.11]",Ecoinvent 3.11
pea-with-pod,"Chick peas, peeled, at processing {FR} U",organic,"Pois chiches, pelés Bio",pea-with-pod-chickpea-peeled-organic,127.8,organic,France,LEGUMINEUSES A GRAIN,animal_product;organic,0,1.05,1.0,always,from_existing,"Chick peas, peeled, at processing {FR} U [pea-with-pod-organic] {{pea-with-pod-chickpea-peeled-organic}}",0,,"Chick peas, consumption mix {FR} U","Winter pea, organic 2025, 15% moisture, at farm gate {FR} U [Ginko 2025, FR]",Ginko 2025
peach,"Frozen peach puree, at plant {ES} U",default,Purée de pêche congelée Origine Inconnue,peach-frozen-puree-default,374.9,import,OutOfEuropeAndMaghreb,VERGERS,vegetable_processed,0,0.85,1.0,always,from_existing,"Frozen peach puree, at plant {ES} U [peach-default] {{peach-frozen-puree-default}}",1,"Frozen peach puree, at processing {ES} U","Peach, at farm {ES} - Adapted from WFLDB U","Peach, at farm (WFLDB) [WFLDB, GLO]",WFLDB
peach,"Frozen peach puree, at plant {ES} U",eu,Purée de pêche congelée UE,peach-frozen-puree-eu,349.3,import,EuropeAndMaghreb,VERGERS,vegetable_processed,0,0.85,1.0,always,existing,,,,,,Agribalyse 3.2
peach,"Frozen peach puree, at plant {ES} U",fr,Purée de pêche congelée FR,peach-frozen-puree-fr,191.6,reference,France,VERGERS,vegetable_processed,0,0.85,1.0,always,from_existing,"Frozen peach puree, at plant {ES} U [peach-fr] {{peach-frozen-puree-fr}}",1,"Frozen peach puree, at processing {ES} U","Peach, at farm {ES} - Adapted from WFLDB U","Peach, conventional, national average, at orchard {FR} U [Agribalyse 3.2]",Agribalyse 3.2
peach,"Frozen peach puree, at plant {ES} U",non-eu,Purée de pêche congelée HORS UE,peach-frozen-puree-non-eu,374.9,import,OutOfEuropeAndMaghreb,VERGERS,vegetable_processed,0,0.85,1.0,always,from_existing,"Frozen peach puree, at plant {ES} U [peach-non-eu] {{peach-frozen-puree-non-eu}}",1,"Frozen peach puree, at processing {ES} U","Peach, at farm {ES} - Adapted from WFLDB U","Peach, at farm (WFLDB) [WFLDB, GLO]",WFLDB
peach,"Frozen peach puree, at plant {ES} U",organic,Purée de pêche congelée Bio,peach-frozen-puree-organic,295.4,organic,France,VERGERS,vegetable_processed;organic,0,0.85,1.0,always,from_existing,"Frozen peach puree, at plant {ES} U [peach-organic] {{peach-frozen-puree-organic}}",1,"Frozen peach puree, at processing {ES} U","Peach, at farm {ES} - Adapted from WFLDB U","Peach, at farm, organic 2025 {ES} [Ginko 2025, ES]",Ginko 2025
peach,"Peach, pitted, at processing {FR} U",default,"Pêche, dénoyautée Origine Inconnue",peach-pitted-default,256.4,import,OutOfEuropeAndMaghreb,VERGERS,vegetable_processed,0,0.9,1.0,always,from_existing,"Peach, pitted, at processing {FR} U [peach-default] {{peach-pitted-default}}",0,,"Peach, consumption mix {FR} U","Peach, at farm (WFLDB) [WFLDB, GLO]",WFLDB
peach,"Peach, pitted, at processing {FR} U",eu,"Pêche, dénoyautée UE",peach-pitted-eu,239.2,import,EuropeAndMaghreb,VERGERS,vegetable_processed,0,0.9,1.0,always,from_existing,"Peach, pitted, at processing {FR} U [peach-eu] {{peach-pitted-eu}}",0,,"Peach, consumption mix {FR} U","Peach, at farm {ES} - Adapted from WFLDB U [Agribalyse 3.2]",Agribalyse 3.2
peach,"Peach, pitted, at processing {FR} U",fr,"Pêche, dénoyautée FR",peach-pitted-fr,163.6,reference,France,VERGERS,vegetable_processed,0,0.9,1.0,always,existing,,,,,,Agribalyse 3.2
peach,"Peach, pitted, at processing {FR} U",non-eu,"Pêche, dénoyautée HORS UE",peach-pitted-non-eu,256.4,import,OutOfEuropeAndMaghreb,VERGERS,vegetable_processed,0,0.9,1.0,always,from_existing,"Peach, pitted, at processing {FR} U [peach-non-eu] {{peach-pitted-non-eu}}",0,,"Peach, consumption mix {FR} U","Peach, at farm (WFLDB) [WFLDB, GLO]",WFLDB
peach,"Peach, pitted, at processing {FR} U",organic,"Pêche, dénoyautée Bio",peach-pitted-organic,203.3,organic,France,VERGERS,vegetable_processed;organic,0,0.9,1.0,always,from_existing,"Peach, pitted, at processing {FR} U [peach-organic] {{peach-pitted-organic}}",0,,"Peach, consumption mix {FR} U","Peach, at farm, organic 2025 {ES} [Ginko 2025, ES]",Ginko 2025
pear,"Frozen pear puree, at processing {BE} U",default,purée de poire congelée Origine Inconnue,pear-frozen-puree-default,391.5,import,OutOfEuropeAndMaghreb,VERGERS,vegetable_processed,0,0.95,1.0,always,from_existing,"Frozen pear puree, at processing {BE} U [pear-default] {{pear-frozen-puree-default}}",0,,"Pear, at farm {BE} - Adapted from WFLDB U","Pear, at farm (WFLDB) [WFLDB, CN]",WFLDB
pear,"Frozen pear puree, at processing {BE} U",eu,purée de poire congelée UE,pear-frozen-puree-eu,162.9,import,EuropeAndMaghreb,VERGERS,vegetable_processed,0,0.95,1.0,always,existing,,,,,,Agribalyse 3.2
pear,"Frozen pear puree, at processing {BE} U",fr,purée de poire congelée FR,pear-frozen-puree-fr,52.18,reference,France,VERGERS,vegetable_processed,0,0.95,1.0,always,from_existing,"Frozen pear puree, at processing {BE} U [pear-fr] {{pear-frozen-puree-fr}}",0,,"Pear, at farm {BE} - Adapted from WFLDB U","Pear, conventional, national average, at orchard {FR} U [Agribalyse 3.2]",Agribalyse 3.2
pear,"Frozen pear puree, at processing {BE} U",non-eu,purée de poire congelée HORS UE,pear-frozen-puree-non-eu,146.7,import,OutOfEuropeAndMaghreb,VERGERS,vegetable_processed,0,0.95,1.0,always,from_existing,"Frozen pear puree, at processing {BE} U [pear-non-eu] {{pear-frozen-puree-non-eu}}",0,,"Pear, at farm {BE} - Adapted from WFLDB U","Pear {RoW}| pear production | Cut-off, U [Ecoinvent 3.11]",Ecoinvent 3.11
pear,"Frozen pear puree, at processing {BE} U",organic,purée de poire congelée Bio,pear-frozen-puree-organic,45.19,organic,France,VERGERS,vegetable_processed;organic,0,0.95,1.0,always,from_existing,"Frozen pear puree, at processing {BE} U [pear-organic] {{pear-frozen-puree-organic}}",0,,"Pear, at farm {BE} - Adapted from WFLDB U","Pear, at farm, organic 2025 {NL} U [Ginko 2025, NL]",Ginko 2025
pear,"Pear, peeled, at processing {FR} U",default,"Poire, pelée Origine Inconnue",pear-peeled-default,246,import,OutOfEuropeAndMaghreb,VERGERS,vegetable_processed,0,0.95,1.0,always,from_existing,"Pear, peeled, at processing {FR} U [pear-default] {{pear-peeled-default}}",0,,"Pear, consumption mix {FR} U","Pear, at farm (WFLDB) [WFLDB, CN]",WFLDB
pear,"Pear, peeled, at processing {FR} U",eu,"Poire, pelée UE",pear-peeled-eu,97.28,import,EuropeAndMaghreb,VERGERS,vegetable_processed,0,0.95,1.0,always,from_existing,"Pear, peeled, at processing {FR} U [pear-eu] {{pear-peeled-eu}}",0,,"Pear, consumption mix {FR} U","Pear, at farm {BE} - Adapted from WFLDB U [Agribalyse 3.2]",Agribalyse 3.2
pear,"Pear, peeled, at processing {FR} U",fr,"Poire, pelée FR",pear-peeled-fr,28.56,reference,France,VERGERS,vegetable_processed,0,0.95,1.0,always,existing,,,,,,Agribalyse 3.2
pear,"Pear, peeled, at processing {FR} U",non-eu,"Poire, pelée HORS UE",pear-peeled-non-eu,86.71,import,OutOfEuropeAndMaghreb,VERGERS,vegetable_processed,0,0.95,1.0,always,from_existing,"Pear, peeled, at processing {FR} U [pear-non-eu] {{pear-peeled-non-eu}}",0,,"Pear, consumption mix {FR} U","Pear {RoW}| pear production | Cut-off, U [Ecoinvent 3.11]",Ecoinvent 3.11
pear,"Pear, peeled, at processing {FR} U",organic,"Poire, pelée Bio",pear-peeled-organic,20.69,organic,France,VERGERS,vegetable_processed;organic,0,0.95,1.0,always,from_existing,"Pear, peeled, at processing {FR} U [pear-organic] {{pear-peeled-organic}}",0,,"Pear, consumption mix {FR} U","Pear, at farm, organic 2025 {NL} U [Ginko 2025, NL]",Ginko 2025
pineapple,"Frozen concentrated pineapple juice, at plant {CR} U",default,Jus d'ananas concentré congelé Origine Inconnue,pineapple-frozen-concentrated-juice-default,1138,import,OutOfEuropeAndMaghreb,ARBORICULTURE,vegetable_processed,0,0.85,1.0,always,from_existing,"Frozen concentrated pineapple juice, at plant {CR} U [pineapple-default] {{pineapple-frozen-concentrated-juice-default}}",1,"Frozen concentrated pineapple juice, at processing {CR} U","Pineapple, at farm {CR} - Adapted from WFLDB U","Pineapple, at farm {TH} U [Agribalyse 3.2, TH]",Agribalyse 3.2
pineapple,"Frozen concentrated pineapple juice, at plant {CR} U",fr,Jus d'ananas concentré congelé FR,pineapple-frozen-concentrated-juice-fr,1075,reference,France,ARBORICULTURE,vegetable_processed,0,0.85,1.0,always,existing,,,,,,Agribalyse 3.2
pineapple,"Frozen concentrated pineapple juice, at plant {CR} U",non-eu,Jus d'ananas concentré congelé HORS UE,pineapple-frozen-concentrated-juice-non-eu,1075,import,OutOfEuropeAndMaghreb,ARBORICULTURE,vegetable_processed,0,0.85,1.0,always,existing,,,,,,Agribalyse 3.2
pineapple,"Frozen concentrated pineapple juice, at plant {CR} U",organic,Jus d'ananas concentré congelé Bio,pineapple-frozen-concentrated-juice-organic,278.1,organic,France,ARBORICULTURE,vegetable_processed;organic,0,0.85,1.0,always,from_existing,"Frozen concentrated pineapple juice, at plant {CR} U [pineapple-organic] {{pineapple-frozen-concentrated-juice-organic}}",1,"Frozen concentrated pineapple juice, at processing {CR} U","Pineapple, at farm {CR} - Adapted from WFLDB U","Pineapple, at farm, organic 2025 {CR} [Ginko 2025, CR]",Ginko 2025
pineapple,"Pineapple juice, pure juice, at plant {CR} U",default,"Jus d'ananas, jus pur Origine Inconnue",pineapple-juice-pure-juice-default,312.5,import,OutOfEuropeAndMaghreb,ARBORICULTURE,vegetable_processed,0,0.95,1.0,always,from_existing,"Pineapple juice, pure juice, at plant {CR} U [pineapple-default] {{pineapple-juice-pure-juice-default}}",1,"Pineapple juice, pure juice, at processing {CR} U","Pineapple, at farm {CR} - Adapted from WFLDB U","Pineapple, at farm {TH} U [Agribalyse 3.2, TH]",Agribalyse 3.2
pineapple,"Pineapple juice, pure juice, at plant {CR} U",fr,"Jus d'ananas, jus pur FR",pineapple-juice-pure-juice-fr,294.9,reference,France,ARBORICULTURE,vegetable_processed,0,0.95,1.0,always,existing,,,,,,Agribalyse 3.2
pineapple,"Pineapple juice, pure juice, at plant {CR} U",non-eu,"Jus d'ananas, jus pur HORS UE",pineapple-juice-pure-juice-non-eu,294.9,import,OutOfEuropeAndMaghreb,ARBORICULTURE,vegetable_processed,0,0.95,1.0,always,existing,,,,,,Agribalyse 3.2
pineapple,"Pineapple juice, pure juice, at plant {CR} U",organic,"Jus d'ananas, jus pur Bio",pineapple-juice-pure-juice-organic,72.83,organic,France,ARBORICULTURE,vegetable_processed;organic,0,0.95,1.0,always,from_existing,"Pineapple juice, pure juice, at plant {CR} U [pineapple-organic] {{pineapple-juice-pure-juice-organic}}",1,"Pineapple juice, pure juice, at processing {CR} U","Pineapple, at farm {CR} - Adapted from WFLDB U","Pineapple, at farm, organic 2025 {CR} [Ginko 2025, CR]",Ginko 2025
pineapple,"Pineapple, peeled, at processing {FR} U",default,Ananas pelés Origine Inconnue,pineapple-peeled-default,341.8,import,OutOfEuropeAndMaghreb,ARBORICULTURE,vegetable_processed,0,0.95,1.0,always,from_existing,"Pineapple, peeled, at processing {FR} U [pineapple-default] {{pineapple-peeled-default}}",0,,"Pineapple, consumption mix {FR} U","Pineapple, at farm {TH} U [Agribalyse 3.2, TH]",Agribalyse 3.2
pineapple,"Pineapple, peeled, at processing {FR} U",fr,Ananas pelés FR,pineapple-peeled-fr,207.7,reference,France,ARBORICULTURE,vegetable_processed,0,0.95,1.0,always,existing,,,,,,Agribalyse 3.2
pineapple,"Pineapple, peeled, at processing {FR} U",non-eu,Ananas pelés HORS UE,pineapple-peeled-non-eu,207.7,import,OutOfEuropeAndMaghreb,ARBORICULTURE,vegetable_processed,0,0.95,1.0,always,existing,,,,,,Agribalyse 3.2
pineapple,"Pineapple, peeled, at processing {FR} U",organic,Ananas pelés Bio,pineapple-peeled-organic,84.22,organic,France,ARBORICULTURE,vegetable_processed;organic,0,0.95,1.0,always,from_existing,"Pineapple, peeled, at processing {FR} U [pineapple-organic] {{pineapple-peeled-organic}}",0,,"Pineapple, consumption mix {FR} U","Pineapple, at farm, organic 2025 {CR} [Ginko 2025, CR]",Ginko 2025
potato,"Potato, peeled, at processing {FR} U",default,"Pommes de terre, pelées Origine Inconnue",potato-peeled-default,132.1,import,OutOfEuropeAndMaghreb,LEGUMES-FLEURS,vegetable_processed,0,1.1,1.0,always,from_existing,"Potato, peeled, at processing {FR} U [potato-default] {{potato-peeled-default}}",0,,"Potato, consumption mix {FR} U","Potato {US}| potato production | Cut-off, U [Ecoinvent 3.11, US]",Ecoinvent 3.11
potato,"Potato, peeled, at processing {FR} U",eu,"Pommes de terre, pelées UE",potato-peeled-eu,44.28,import,EuropeAndMaghreb,LEGUMES-FLEURS,vegetable_processed,0,1.1,1.0,always,from_existing,"Potato, peeled, at processing {FR} U [potato-eu] {{potato-peeled-eu}}",0,,"Potato, consumption mix {FR} U","Potato, at farm (WFLDB) [WFLDB, GLO]",WFLDB
potato,"Potato, peeled, at processing {FR} U",fr,"Pommes de terre, pelées FR",potato-peeled-fr,23.59,reference,France,LEGUMES-FLEURS,vegetable_processed,0,1.1,1.0,always,existing,,,,,,Agribalyse 3.2
potato,"Potato, peeled, at processing {FR} U",non-eu,"Pommes de terre, pelées HORS UE",potato-peeled-non-eu,44.28,import,OutOfEuropeAndMaghreb,LEGUMES-FLEURS,vegetable_processed,0,1.1,1.0,always,from_existing,"Potato, peeled, at processing {FR} U [potato-non-eu] {{potato-peeled-non-eu}}",0,,"Potato, consumption mix {FR} U","Potato, at farm (WFLDB) [WFLDB, GLO]",WFLDB
potato,"Potato, peeled, at processing {FR} U",organic,"Pommes de terre, pelées Bio",potato-peeled-organic,20.34,organic,France,LEGUMES-FLEURS,vegetable_processed;organic,0,1.1,1.0,always,from_existing,"Potato, peeled, at processing {FR} U [potato-organic] {{potato-peeled-organic}}",0,,"Potato, consumption mix {FR} U","Ware potato, organic 2025, variety mix, national average, at farm gate {FR} U [Ginko 2025, FR]",Ginko 2025
potato,"Potato, pre-fried into cubes, frozen, at processing {FR} U",default,"Pommes de terre, pré-friées en cubes, congelées Origine Inconnue",potato-pre-fried-into-cubes-frozen-default,140,import,OutOfEuropeAndMaghreb,LEGUMES-FLEURS,vegetable_processed,0,0.9,1.0,always,from_existing,"Potato, pre-fried into cubes, frozen, at processing {FR} U [potato-default] {{potato-pre-fried-into-cubes-frozen-default}}",0,,"Potato, consumption mix {FR} U","Potato {US}| potato production | Cut-off, U [Ecoinvent 3.11, US]",Ecoinvent 3.11
potato,"Potato, pre-fried into cubes, frozen, at processing {FR} U",eu,"Pommes de terre, pré-friées en cubes, congelées UE",potato-pre-fried-into-cubes-frozen-eu,52.17,import,EuropeAndMaghreb,LEGUMES-FLEURS,vegetable_processed,0,0.9,1.0,always,from_existing,"Potato, pre-fried into cubes, frozen, at processing {FR} U [potato-eu] {{potato-pre-fried-into-cubes-frozen-eu}}",0,,"Potato, consumption mix {FR} U","Potato, at farm (WFLDB) [WFLDB, GLO]",WFLDB
potato,"Potato, pre-fried into cubes, frozen, at processing {FR} U",fr,"Pommes de terre, pré-friées en cubes, congelées FR",potato-pre-fried-into-cubes-frozen-fr,31.48,reference,France,LEGUMES-FLEURS,vegetable_processed,0,0.9,1.0,always,existing,,,,,,Agribalyse 3.2
potato,"Potato, pre-fried into cubes, frozen, at processing {FR} U",non-eu,"Pommes de terre, pré-friées en cubes, congelées HORS UE",potato-pre-fried-into-cubes-frozen-non-eu,52.17,import,OutOfEuropeAndMaghreb,LEGUMES-FLEURS,vegetable_processed,0,0.9,1.0,always,from_existing,"Potato, pre-fried into cubes, frozen, at processing {FR} U [potato-non-eu] {{potato-pre-fried-into-cubes-frozen-non-eu}}",0,,"Potato, consumption mix {FR} U","Potato, at farm (WFLDB) [WFLDB, GLO]",WFLDB
potato,"Potato, pre-fried into cubes, frozen, at processing {FR} U",organic,"Pommes de terre, pré-friées en cubes, congelées Bio",potato-pre-fried-into-cubes-frozen-organic,28.23,organic,France,LEGUMES-FLEURS,vegetable_processed;organic,0,0.9,1.0,always,from_existing,"Potato, pre-fried into cubes, frozen, at processing {FR} U [potato-organic] {{potato-pre-fried-into-cubes-frozen-organic}}",0,,"Potato, consumption mix {FR} U","Ware potato, organic 2025, variety mix, national average, at farm gate {FR} U [Ginko 2025, FR]",Ginko 2025
quinoa,"Quinoa FR, conventional, at plant {FR} U",default,Quinoa FR Origine Inconnue,quinoa-fr-default,1082,import,OutOfEuropeAndMaghreb,AUTRES CEREALES,grain_processed,0,0.75,1.0,none,from_existing,"Quinoa FR, conventional, at plant {FR} U [quinoa-default] {{quinoa-fr-default}}",0,,"Quinoa from France, consumption mix {FR} U","Quinoa, intensive production, at farm {PE} - Adapted from WFLDB U [Agribalyse 3.2, PE]",Agribalyse 3.2
quinoa,"Quinoa FR, conventional, at plant {FR} U",eu,Quinoa FR UE,quinoa-fr-eu,567.1,import,EuropeAndMaghreb,AUTRES CEREALES,grain_processed,0,0.75,1.0,none,existing,,,,,,Agribalyse 3.2
quinoa,"Quinoa FR, conventional, at plant {FR} U",fr,Quinoa FR FR,quinoa-fr-fr,567.1,reference,France,AUTRES CEREALES,grain_processed,0,0.75,1.0,none,existing,,,,,,Agribalyse 3.2
quinoa,"Quinoa FR, conventional, at plant {FR} U",non-eu,Quinoa FR HORS UE,quinoa-fr-non-eu,1082,import,OutOfEuropeAndMaghreb,AUTRES CEREALES,grain_processed,0,0.75,1.0,none,from_existing,"Quinoa FR, conventional, at plant {FR} U [quinoa-non-eu] {{quinoa-fr-non-eu}}",0,,"Quinoa from France, consumption mix {FR} U","Quinoa, intensive production, at farm {PE} - Adapted from WFLDB U [Agribalyse 3.2, PE]",Agribalyse 3.2
quinoa,"Quinoa FR, conventional, at plant {FR} U",organic,Quinoa FR Bio,quinoa-fr-organic,298.4,organic,France,AUTRES CEREALES,grain_processed;organic,0,0.75,1.0,none,from_existing,"Quinoa FR, conventional, at plant {FR} U [quinoa-organic] {{quinoa-fr-organic}}",0,,"Quinoa from France, consumption mix {FR} U","Quinoa FR, organic 2025, at farm gate {FR} U [Ginko 2025, FR]",Ginko 2025
raspberry,"Frozen raspberry puree, at processing {RS} U",default,purée de framboises congelée Origine Inconnue,raspberry-frozen-puree-default,615.7,import,OutOfEuropeAndMaghreb,VERGERS,vegetable_processed,0,0.85,1.0,always,existing,,,,,,Agribalyse 3.2
raspberry,"Frozen raspberry puree, at processing {RS} U",eu,purée de framboises congelée UE,raspberry-frozen-puree-eu,615.7,import,EuropeAndMaghreb,VERGERS,vegetable_processed,0,0.85,1.0,always,existing,,,,,,Agribalyse 3.2
raspberry,"Frozen raspberry puree, at processing {RS} U",fr,purée de framboises congelée FR,raspberry-frozen-puree-fr,615.7,reference,France,VERGERS,vegetable_processed,0,0.85,1.0,always,existing,,,,,,Agribalyse 3.2
raspberry,"Frozen raspberry puree, at processing {RS} U",non-eu,purée de framboises congelée HORS UE,raspberry-frozen-puree-non-eu,615.7,import,OutOfEuropeAndMaghreb,VERGERS,vegetable_processed,0,0.85,1.0,always,existing,,,,,,Agribalyse 3.2
raspberry,"Frozen raspberry puree, at processing {RS} U",organic,purée de framboises congelée Bio,raspberry-frozen-puree-organic,290,organic,France,VERGERS,vegetable_processed;organic,0,0.85,1.0,always,from_existing,"Frozen raspberry puree, at processing {RS} U [raspberry-organic] {{raspberry-frozen-puree-organic}}",0,,"Raspberry, at farm {RS} - Adapted from WFLDB U","Raspberry, at farm, organic 2025 {RS} [Ginko 2025, RS]",Ginko 2025
rice-raw,"Rice flour, at industrial mill {FR} U",default,Farine de riz Origine Inconnue,rice-raw-flour-default,553.2,import,OutOfEuropeAndMaghreb,BLE TENDRE,grain_processed,0,0.75,1.0,none,existing,,,,,,Agribalyse 3.2
rice-raw,"Rice flour, at industrial mill {FR} U",eu,Farine de riz UE,rice-raw-flour-eu,366.6,import,EuropeAndMaghreb,BLE TENDRE,grain_processed,0,0.75,1.0,none,from_existing,"Rice flour, at industrial mill {FR} U [rice-raw-eu] {{rice-raw-flour-eu}}",0,,"Paddy rice, consumption mix {FR} U","Rice, non-basmati {RoW}| rice production, non-basmati | Cut-off, U - Adapted from Ecoinvent U [Agribalyse 3.2]",Agribalyse 3.2
rice-raw,"Rice flour, at industrial mill {FR} U",fr,Farine de riz FR,rice-raw-flour-fr,553.2,reference,France,BLE TENDRE,grain_processed,0,0.75,1.0,none,existing,,,,,,Agribalyse 3.2
rice-raw,"Rice flour, at industrial mill {FR} U",non-eu,Farine de riz HORS UE,rice-raw-flour-non-eu,366.6,import,OutOfEuropeAndMaghreb,BLE TENDRE,grain_processed,0,0.75,1.0,none,from_existing,"Rice flour, at industrial mill {FR} U [rice-raw-non-eu] {{rice-raw-flour-non-eu}}",0,,"Paddy rice, consumption mix {FR} U","Rice, non-basmati {RoW}| rice production, non-basmati | Cut-off, U - Adapted from Ecoinvent U [Agribalyse 3.2]",Agribalyse 3.2
rice-raw,"Rice flour, at industrial mill {FR} U",organic,Farine de riz Bio,rice-raw-flour-organic,326.2,organic,France,BLE TENDRE,grain_processed;organic,0,0.75,1.0,none,from_existing,"Rice flour, at industrial mill {FR} U [rice-raw-organic] {{rice-raw-flour-organic}}",0,,"Paddy rice, consumption mix {FR} U","Rice, basmati, organic 2025 {IN}| rice production, basmati | Cut-off, U [Ginko 2025, IN]",Ginko 2025
rye-whole,"Rye flour, at industrial mill {FR} U",default,Farine de seigle Origine Inconnue,rye-whole-flour-default,199.5,import,OutOfEuropeAndMaghreb,AUTRES CEREALES,grain_processed,0,0.67,1.0,none,from_existing,"Rye flour, at industrial mill {FR} U [rye-whole-default] {{rye-whole-flour-default}}",0,,"Rye, consumption mix {FR} U","Rye grain {GLO}| market for rye grain | Cut-off, U [Ecoinvent 3.11, GLO]",Ecoinvent 3.11
rye-whole,"Rye flour, at industrial mill {FR} U",eu,Farine de seigle UE,rye-whole-flour-eu,210.6,import,EuropeAndMaghreb,AUTRES CEREALES,grain_processed,0,0.67,1.0,none,from_existing,"Rye flour, at industrial mill {FR} U [rye-whole-eu] {{rye-whole-flour-eu}}",0,,"Rye, consumption mix {FR} U","Rye grain {RoW}| rye production | Cut-off, U - Adapted from Ecoinvent U [Agribalyse 3.2]",Agribalyse 3.2
rye-whole,"Rye flour, at industrial mill {FR} U",fr,Farine de seigle FR,rye-whole-flour-fr,86.95,reference,France,AUTRES CEREALES,grain_processed,0,0.67,1.0,none,existing,,,,,,Agribalyse 3.2
rye-whole,"Rye flour, at industrial mill {FR} U",non-eu,Farine de seigle HORS UE,rye-whole-flour-non-eu,210.6,import,OutOfEuropeAndMaghreb,AUTRES CEREALES,grain_processed,0,0.67,1.0,none,from_existing,"Rye flour, at industrial mill {FR} U [rye-whole-non-eu] {{rye-whole-flour-non-eu}}",0,,"Rye, consumption mix {FR} U","Rye grain {RoW}| rye production | Cut-off, U - Adapted from Ecoinvent U [Agribalyse 3.2]",Agribalyse 3.2
spinach,"Spinach, peeled, at processing {FR} U",default,Épinards pelés Origine Inconnue,spinach-peeled-default,48.62,import,OutOfEuropeAndMaghreb,LEGUMES-FLEURS,vegetable_processed,0,0.9,1.0,always,existing,,,,,,Agribalyse 3.2
spinach,"Spinach, peeled, at processing {FR} U",eu,Épinards pelés UE,spinach-peeled-eu,49.87,import,EuropeAndMaghreb,LEGUMES-FLEURS,vegetable_processed,0,0.9,1.0,always,from_existing,"Spinach, peeled, at processing {FR} U [spinach-eu] {{spinach-peeled-eu}}",0,,"Spinach, consumption mix {FR} U","Spinach {CH}| spinach production, conventional, plain region | Cut-off, U [Ecoinvent 3.11]",Ecoinvent 3.11
spinach,"Spinach, peeled, at processing {FR} U",fr,Épinards pelés FR,spinach-peeled-fr,48.62,reference,France,LEGUMES-FLEURS,vegetable_processed,0,0.9,1.0,always,existing,,,,,,Agribalyse 3.2
spinach,"Spinach, peeled, at processing {FR} U",non-eu,Épinards pelés HORS UE,spinach-peeled-non-eu,48.62,import,OutOfEuropeAndMaghreb,LEGUMES-FLEURS,vegetable_processed,0,0.9,1.0,always,existing,,,,,,Agribalyse 3.2
spinach,"Spinach, peeled, at processing {FR} U",organic,Épinards pelés Bio,spinach-peeled-organic,15.25,organic,France,LEGUMES-FLEURS,vegetable_processed;organic,0,0.9,1.0,always,from_existing,"Spinach, peeled, at processing {FR} U [spinach-organic] {{spinach-peeled-organic}}",0,,"Spinach, consumption mix {FR} U","Spinach, organic 2025 {GLO}| production | Cut-off, U [Ginko 2025, GLO]",Ginko 2025
sunflower-seed,"Sunflower oil, at plant {IT} U",default,Huile de tournesol Origine Inconnue,sunflower-seed-oil-default,406.1,import,OutOfEuropeAndMaghreb,TOURNESOL,nut_oilseed_processed,0,0.6,1.0,none,from_existing,"Sunflower oil, at plant {IT} U [sunflower-seed-default] {{sunflower-seed-oil-default}}",1,"Sunflower grain, conventional, dried, stored and transported, processing {FR} U","Sunflower grain, conventional, 9% moisture, national average, animal feed, at farm gate, production {FR} U","Sunflower, at farm (WFLDB) [WFLDB, HU]",WFLDB
sunflower-seed,"Sunflower oil, at plant {IT} U",eu,Huile de tournesol UE,sunflower-seed-oil-eu,406.1,import,EuropeAndMaghreb,TOURNESOL,nut_oilseed_processed,0,0.6,1.0,none,from_existing,"Sunflower oil, at plant {IT} U [sunflower-seed-eu] {{sunflower-seed-oil-eu}}",1,"Sunflower grain, conventional, dried, stored and transported, processing {FR} U","Sunflower grain, conventional, 9% moisture, national average, animal feed, at farm gate, production {FR} U","Sunflower, at farm (WFLDB) [WFLDB, HU]",WFLDB
sunflower-seed,"Sunflower oil, at plant {IT} U",fr,Huile de tournesol FR,sunflower-seed-oil-fr,245.9,reference,France,TOURNESOL,nut_oilseed_processed,0,0.6,1.0,none,existing,,,,,,Agribalyse 3.2
sunflower-seed,"Sunflower oil, at plant {IT} U",non-eu,Huile de tournesol HORS UE,sunflower-seed-oil-non-eu,351.2,import,OutOfEuropeAndMaghreb,TOURNESOL,nut_oilseed_processed,0,0.6,1.0,none,from_existing,"Sunflower oil, at plant {IT} U [sunflower-seed-non-eu] {{sunflower-seed-oil-non-eu}}",1,"Sunflower grain, conventional, dried, stored and transported, processing {FR} U","Sunflower grain, conventional, 9% moisture, national average, animal feed, at farm gate, production {FR} U","Sunflower seed {UA}| sunflower production | Cut-off, U - Adapted from Ecoinvent U [Agribalyse 3.2]",Agribalyse 3.2
sunflower-seed,"Sunflower oil, at plant {IT} U",organic,Huile de tournesol Bio,sunflower-seed-oil-organic,214,organic,France,TOURNESOL,nut_oilseed_processed;organic,0,0.6,1.0,none,from_existing,"Sunflower oil, at plant {IT} U [sunflower-seed-organic] {{sunflower-seed-oil-organic}}",1,"Sunflower grain, conventional, dried, stored and transported, processing {FR} U","Sunflower grain, conventional, 9% moisture, national average, animal feed, at farm gate, production {FR} U","Sunflower, at farm, organic 2025 {FR} [Ginko 2025, FR]",Ginko 2025
walnut,"Walnuts, unshelled, at processing {FR} U",default,Noix décortiquées Origine Inconnue,walnut-unshelled-default,1429,import,OutOfEuropeAndMaghreb,FRUITS A COQUES,nut_oilseed_processed,0,0.5,1.0,none,from_existing,"Walnuts, unshelled, at processing {FR} U [walnut-default] {{walnut-unshelled-default}}",0,,"Walnuts, with shell, consumption mix {FR} U","Walnut, in shell, dried, at farm (WFLDB) [WFLDB, US]",WFLDB
walnut,"Walnuts, unshelled, at processing {FR} U",eu,Noix décortiquées UE,walnut-unshelled-eu,489.8,import,EuropeAndMaghreb,FRUITS A COQUES,nut_oilseed_processed,0,0.5,1.0,none,existing,,,,,,Agribalyse 3.2
walnut,"Walnuts, unshelled, at processing {FR} U",fr,Noix décortiquées FR,walnut-unshelled-fr,489.8,reference,France,FRUITS A COQUES,nut_oilseed_processed,0,0.5,1.0,none,existing,,,,,,Agribalyse 3.2
walnut,"Walnuts, unshelled, at processing {FR} U",non-eu,Noix décortiquées HORS UE,walnut-unshelled-non-eu,1429,import,OutOfEuropeAndMaghreb,FRUITS A COQUES,nut_oilseed_processed,0,0.5,1.0,none,from_existing,"Walnuts, unshelled, at processing {FR} U [walnut-non-eu] {{walnut-unshelled-non-eu}}",0,,"Walnuts, with shell, consumption mix {FR} U","Walnut, in shell, dried, at farm (WFLDB) [WFLDB, US]",WFLDB
walnut,"Walnuts, unshelled, at processing {FR} U",organic,Noix décortiquées Bio,walnut-unshelled-organic,700.5,organic,France,FRUITS A COQUES,nut_oilseed_processed;organic,0,0.5,1.0,none,from_existing,"Walnuts, unshelled, at processing {FR} U [walnut-organic] {{walnut-unshelled-organic}}",0,,"Walnuts, with shell, consumption mix {FR} U","Walnut, dried inshell, organic 2025, national average, at farm gate {FR} U [Ginko 2025, FR]",Ginko 2025
white-cabbage,"White cabbage, peeled, at processing {FR} U",default,"Choux blancs, pelés Origine Inconnue",white-cabbage-peeled-default,56.36,import,OutOfEuropeAndMaghreb,LEGUMES-FLEURS,vegetable_processed,0,0.9,1.0,always,existing,,,,,,Agribalyse 3.2
white-cabbage,"White cabbage, peeled, at processing {FR} U",eu,"Choux blancs, pelés UE",white-cabbage-peeled-eu,38.65,import,EuropeAndMaghreb,LEGUMES-FLEURS,vegetable_processed,0,0.9,1.0,always,from_existing,"White cabbage, peeled, at processing {FR} U [white-cabbage-eu] {{white-cabbage-peeled-eu}}",0,,"White cabbage, consumption mix {FR} U","White cabbage {CH}| white cabbage production, conventional, plain region | Cut-off, U [Ecoinvent 3.11]",Ecoinvent 3.11
white-cabbage,"White cabbage, peeled, at processing {FR} U",fr,"Choux blancs, pelés FR",white-cabbage-peeled-fr,56.36,reference,France,LEGUMES-FLEURS,vegetable_processed,0,0.9,1.0,always,existing,,,,,,Agribalyse 3.2
white-cabbage,"White cabbage, peeled, at processing {FR} U",non-eu,"Choux blancs, pelés HORS UE",white-cabbage-peeled-non-eu,38.65,import,OutOfEuropeAndMaghreb,LEGUMES-FLEURS,vegetable_processed,0,0.9,1.0,always,from_existing,"White cabbage, peeled, at processing {FR} U [white-cabbage-non-eu] {{white-cabbage-peeled-non-eu}}",0,,"White cabbage, consumption mix {FR} U","White cabbage {CH}| white cabbage production, conventional, plain region | Cut-off, U [Ecoinvent 3.11]",Ecoinvent 3.11
white-cabbage,"White cabbage, peeled, at processing {FR} U",organic,"Choux blancs, pelés Bio",white-cabbage-peeled-organic,45.46,organic,France,LEGUMES-FLEURS,vegetable_processed;organic,0,0.9,1.0,always,from_existing,"White cabbage, peeled, at processing {FR} U [white-cabbage-organic] {{white-cabbage-peeled-organic}}",0,,"White cabbage, consumption mix {FR} U","Cabbage white, organic 2025 {RoW}| cabbage white production | Cut-off, U [Ginko 2025, RoW]",Ginko 2025
zucchini,"Zucchini, peeled, at processing {FR} U",default,"Courgette, pelée Origine Inconnue",zucchini-peeled-default,41.64,import,OutOfEuropeAndMaghreb,LEGUMES-FLEURS,vegetable_processed,0,1.0,1.0,always,from_existing,"Zucchini, peeled, at processing {FR} U [zucchini-default] {{zucchini-peeled-default}}",0,,"Zucchini, consumption mix {FR} U","Zucchini, autumn, under tunnel, conventional, at farm gate {FR} U [Agribalyse 3.2, FR]",Agribalyse 3.2
zucchini,"Zucchini, peeled, at processing {FR} U",eu,"Courgette, pelée UE",zucchini-peeled-eu,29.48,import,EuropeAndMaghreb,LEGUMES-FLEURS,vegetable_processed,0,1.0,1.0,always,existing,,,,,,Agribalyse 3.2
zucchini,"Zucchini, peeled, at processing {FR} U",fr,"Courgette, pelée FR",zucchini-peeled-fr,29.48,reference,France,LEGUMES-FLEURS,vegetable_processed,0,1.0,1.0,always,existing,,,,,,Agribalyse 3.2
zucchini,"Zucchini, peeled, at processing {FR} U",non-eu,"Courgette, pelée HORS UE",zucchini-peeled-non-eu,22.59,import,OutOfEuropeAndMaghreb,LEGUMES-FLEURS,vegetable_processed,0,1.0,1.0,always,from_existing,"Zucchini, peeled, at processing {FR} U [zucchini-non-eu] {{zucchini-peeled-non-eu}}",0,,"Zucchini, consumption mix {FR} U","Zucchini {GLO}| zucchini production | Cut-off, U [Ecoinvent 3.11]",Ecoinvent 3.11
zucchini,"Zucchini, peeled, at processing {FR} U",organic,"Courgette, pelée Bio",zucchini-peeled-organic,29.06,organic,France,LEGUMES-FLEURS,vegetable_processed;organic,0,1.0,1.0,always,from_existing,"Zucchini, peeled, at processing {FR} U [zucchini-organic] {{zucchini-peeled-organic}}",0,,"Zucchini, consumption mix {FR} U","Zucchini, organic 2025, national average, at farm gate {FR} U [Ginko 2025, FR]",Ginko 2025
