ingredient,variante,pattern,icv_matiere_premiere,rdmt_mat_kg_per_kg,perte_pct,elec_kwh,chaleur_mj,allocation_pct,eau_ajoutee_kg,biowaste_pct,coproduits,process_id
"Alaska pollock, fillet, raw, at processing {FR} U",FR,layered,"Alaska pollock, consumption mix {FR} U",2.75,63.64,0,0,100.0,0,0.0,,f2297f57-fe4d-5e36-8b98-01184cd3b248_d8c77168-c973-52e1-8871-d80dc42eba9a
"Alaska pollock, residues, raw, at processing {FR} U",FR,layered,"Alaska pollock, consumption mix {FR} U",0.0,0.0,0,0,100.0,0,0.0,,a9c499a5-f9f3-59d4-b33e-a2e3052038e0_205fc2fe-2b71-5f0b-8005-e8802972650e
"Alaska pollock, smoked, at plant {FR} U",FR,layered,"Alaska pollock, fillet, raw, at processing {FR} U",1,0.0,0,0,100.0,0,0.0,,9dc3fbb1-9ce3-5d1f-a577-6209a443a763_3363a7f6-2b8b-5478-a319-35fb011579f2
"Albacore tuna, in oil, canned, at plant {FR} U",FR,layered,"Albacore tuna, in oil, canned, consumption mix {FR} U",1.2028,16.86,1.2265,4.5217,100.0,20.7003,0.0,,c288c472-7d3c-5e4c-9a79-d5457195271b_78854e56-6e3f-591e-9dbe-53a4b3608349
"Albacore, fillet, raw, at processing {FR} U",FR,layered,"Albacore, consumption mix {FR} U",1.67,40.12,0,0,100.0,0,0.0,,32175f01-f477-5385-8cc1-e96c09a7a60b_4518877d-3d3d-5919-a025-d1cfa232d826
"Albacore, in olive oil, canned {FR} U",FR,layered,"Albacore, consumption mix {FR} U",1.0833,7.69,0.4097,0,100.0,0.0804,86.4,,19b9c8cb-887e-50ef-93b1-739d78690f5e_98d9ca4b-c0b3-5173-82f8-93029aa4a366
"Albacore, residues, raw, at processing {FR} U",FR,layered,"Albacore, consumption mix {FR} U",0.0,0.0,0,0,100.0,0,0.0,,1677ca96-a7c4-5e38-b3ed-6a44ae6a27f3_92fd010a-ee1f-56c6-81e2-7cf2db7e6ab2
"Alcohol vinegar, production {FR} U",FR,direct,"Sugar, from sugar beet {RoW}| beet sugar production | Cut-off, U - Copied from Ecoinvent U",0.15,0.0,0,0,100.0,0.85,0.0,,8e96d230-097a-577d-8e97-dfe7a66711cf_b37810db-95fe-59f9-8331-389169ed61d4
"Algae (Laminaria), dried, at processing {FR} U",FR,layered,"Algae (Laminaria), fresh, at farm {FR} U",8.409,88.11,16.4648,0,100.0,0,0.0,,a254f5c3-7cfb-5e1b-ac78-026d28580598_6e866dc6-5c71-5a01-b81a-5ef7679b903e
"Algae (Laminaria), fresh, at farm {FR} U",FR,layered,"Seaweed non-optimized production, 1kg algae (Laminaria), fresh weight {FR} U",0.5,0.0,0.102,0,100.0,0.072,0.0,,5f5a1f3d-4832-5b69-a325-66e295a6ea54_9229c44f-daea-539a-b65c-da1a42fa7269
"Almond, unshelled, at processing {FR} U",FR,layered,"Almond, consumption mix {FR} U",2,50.0,0,0,100.0,0,100.0,,727a534a-5c15-5b34-a8ea-bb9e96ae161c_d875488a-ee60-52d3-9632-003ca02d58d1
"American bass, fillet, raw, at processing {FR} U",FR,layered,"American bass, consumption mix {FR} U",2.27,55.95,0,0,100.0,0,0.0,,8db51eed-29c5-5f1d-a933-b8da7799618e_5c8c152f-5a68-5717-8898-b5a11b7da8a6
"American bass, residues, raw, at processing {FR} U",FR,layered,"American bass, consumption mix {FR} U",0.0,0.0,0,0,100.0,0,0.0,,aa71362a-48c9-5ff8-a477-989fb3747a4e_c3fbdd00-74a6-5b66-84cf-10a4e5b5ab33
"American or Canadian sea scallop, unshelled, at processing {FR} U",FR,layered,"American or Canadian sea scallop, consumption mix {FR} U",6.993,85.7,0,0,100.0,0,599.0,,636184fd-6677-55c0-a305-5588a11128c6_3b8e2fb5-f387-5f7a-a4ba-79a028d8248c
"Amino acid nutrient fluid, glutamate by-product {CN} U",CN,direct,"Sulfur dioxide, liquid {RoW}| market for | Cut-off, S - Copied from Ecoinvent U",0.0138,0.0,2.3636,0,100.0,0,0.0,"Nitrogen oxides, CN (2.03 g); Coal tailings (0.95 kg); Corn dust (biomass) (0.446 ); Sulfur dioxide, CN (0.34 g); Coal ash (0.2 kg); BOD5 (Biological Oxygen Demand), CN (0.154 kg); Suspended solids, unspecified (0.124 kg); Slags (0.1 kg); Ammonia, as N (0.0644 kg); Carbon dioxide (0.00959 ton); Heat, waste (0.00796 MJ)",6b995bdd-58a4-5c9e-a9af-bd335446d666_f8a44c1d-d4ff-537f-9219-8824667ef76f
"Ammonium sulfate, as N, glutamate by-product {CN} U",CN,direct,"Sulfur dioxide, liquid {RoW}| market for | Cut-off, S - Copied from Ecoinvent U",0.1159,0.0,19.8541,0,100.0,0,0.0,"Nitrogen oxides, CN (17.1 g); Coal tailings (7.98 kg); Corn dust (biomass) (3.75 ); Sulfur dioxide, CN (2.86 g); Coal ash (1.68 kg); BOD5 (Biological Oxygen Demand), CN (1.3 kg); Suspended solids, unspecified (1.04 kg); Slags (0.84 kg); Ammonia, as N (0.541 kg); Carbon dioxide (0.0805 ton); Heat, waste (0.0668 MJ)",b366b2fb-8281-51fa-8a52-8156134271fb_652b0675-0ec0-56ed-82d6-cebe0b69edd3
"Anchovy, fillet, raw, at processing {FR} U",FR,layered,"Anchovy, consumption mix {FR} U",2,50.0,0,0,100.0,0,0.0,,f4da7b02-3659-50c4-81cc-f98b3515e3c7_80d6eb97-a286-5270-bf03-3bd12d7cfd9f
"Anchovy, residues, raw, at processing {FR} U",FR,layered,"Anchovy, consumption mix {FR} U",0.0,0.0,0,0,100.0,0,0.0,,84a13432-8668-5c21-9f2f-fda3ceecaf0f_f93e0e16-bfbe-5a77-a26c-2e5823e9e3ba
"Anglerfish, fillet, raw, at processing {FR} U",FR,layered,"Anglerfish, consumption mix {FR} U",2.75,63.64,0,0,100.0,0,0.0,,1dcd5645-b305-5ddc-84a8-b02dbc53fa04_97ee66fe-c265-561a-a033-a227746f4659
"Anglerfish, residues, raw, at processing {FR} U",FR,layered,"Anglerfish, consumption mix {FR} U",0.0,0.0,0,0,100.0,0,0.0,,3b8bd765-2132-5815-a0f7-fbb49c780eea_2fa86eaf-997e-5178-9af7-f1bc61a2ad40
"Apple juice, industrial production, at plant, NFC, 1L {FR} U",FR,direct,"Table apple, consumption mix {FR} U",1.37,27.01,0.09,0.41,100.0,3.05,37.0,,1a4c2770-5794-5f31-b269-4604930b2143_9c67e6cc-8f24-5f44-9243-d64c2494a8b3
"Apple juice, reconstituted from a concentrate, at plant {FR} U",FR,direct,"Frozen concentrated apple juice, consumption mix {FR} U",0.1617,0.0,0.0293,0.2728,100.0,0.8483,1.0,"Heat, waste (0.109 MJ)",61a4cfd2-4b2e-5d59-957f-3c40b5e22527_16603c06-be9a-5641-829f-6091c9037c71
"Apple pomace, fresh, from concentrated apple juice production, at processing {FR} U",FR,layered,"Cider apple, conventional, national average, at orchard {FR} U",1.9072,47.57,0.1471,1.8266,100.0,4.3486,32.61,Water (0.972 kg),93b341d2-2d34-59c0-9eb1-409d81beea88_bfaf79a5-a47a-5768-bc58-715531906313
"Apricot stone, from frozen apricot puree production, at processing {FR} U",FR,layered,"Apricot, conventional, national average, at orchard {FR} U",0.188,0.0,0.0242,0.0127,100.0,0.1304,3.83,,3501c851-d9d6-5f7b-9b60-a5e2270b4b25_e87e1f63-f35b-588f-80b5-d07301af488b
"Apricot, canned {FR} U",FR,layered,"Canning fruits or vegetables, industrial, 1kg of canned product {FR} U",1,0.0,0,0,100.0,0.384,16.28,,ce0e3345-cb3f-5bf2-942e-4cb4e96753ad_c65758c8-043d-5905-a722-1371fb1cf3f4
"Apricot, pitted, at processing {FR} U",FR,layered,"Apricot, consumption mix {FR} U",1.25,20.0,0,0,100.0,0,25.0,,5441245c-3505-559f-8dd4-c141a29d56f2_d69da045-862d-5ba7-82f6-6006ba531a92
"Apricot, pitted, dried, at processing {FR} U",FR,layered,"Apricot, pitted, at processing {FR} U",5.84,82.88,0,0,100.0,0,146.0,,74b42288-5871-591a-9eb6-dff8e7aa8473_191a5d04-b1d5-5357-8ecc-9c1e71055f57
"Arctic char, fillet, raw, at processing {FR} U",FR,layered,"Arctic char, consumption mix {FR} U",2,50.0,0,0,100.0,0,0.0,,dd057859-51cd-5982-acac-4090e1f6519f_bd074a04-62b7-569c-934b-fcb55f35bd82
"Arctic char, residues, raw, at processing {FR} U",FR,layered,"Arctic char, consumption mix {FR} U",0.0,0.0,0,0,100.0,0,0.0,,40ebc673-6629-5003-8be7-02a32e4e781b_315f2420-f096-5d6e-abc1-eab39f7645d3
"Aromatic stock cube, for fish, dehydrated, at plant {FR} U",FR,layered,"Aromatic stock cube, for fish, recipe, at plant {FR} U",18.09,94.47,51.0315,0,100.0,39.3556,0.0,,00fbae0f-dd18-54ca-b97f-c66b27dfd637_1df22619-f254-5cda-8ff4-e8a4dd3df7b8
"Artichoke base, at processing {FR} U",FR,layered,"Artichoke, consumption mix {FR} U",2.5,60.0,0,0,100.0,0,150.0,,24af16bc-1592-5d05-b85c-4b697b8466c5_0d19cec4-7300-518b-8c99-70fd1356a0f2
"Artichoke base, canned {FR} U",FR,direct,"Canning vegetables, industrial, 1kg of canned product {FR} U",1,0.0,0,0,100.0,0.4677,0.0,,f010ae06-f399-56b4-ae52-b3e0f3f4396a_bfe514e6-103d-5f3e-b1b0-d5847cfe8c67
"Artichoke base, frozen, at processing {FR} U",FR,layered,"Artichoke base, at processing {FR} U",1,0.0,0.3478,0.8136,100.0,10.9002,150.0,,3db941fd-8d35-5044-9023-5d213df0769a_d8727360-b784-506c-a397-ac62544e464d
"Artichoke, heart, canned {FR} U",FR,direct,"Canning vegetables, industrial, 1kg of canned product {FR} U",1,0.0,0,0,100.0,0.3927,0.0,,5feb3c17-49a8-5445-a1b7-e27e9d40f171_2ac85f95-88ba-5b0d-95d0-b1fe33b73cff
"Aseptic lemon pulp, from lemon juice production, at processing {IT} U",IT,layered,"Lemon, at farm {IT} U",0.0972,0.0,0.0014,0.0045,100.0,0.0626,4.93,,a1a2f26f-808e-5d21-8243-bc6908c294db_f640e5fc-dfc3-5abc-9c69-d1b45e07e84e
"Aseptic orange pulp, from frozen concentrated orange juice production, at processing {BR} U",BR,layered,"Orange, processing grade {BR}| orange production, processing grade | Cut-off, U - Adapted from Ecoinvent U",0.5556,0.0,0.0331,0.3768,100.0,0.9785,24.36,Water (0.2 kg),fc4aebaa-bfc2-50da-bd58-5a728c3185e1_6b577dae-eaa6-53e7-a62c-ebe53ff8b413
"Aseptic orange pulp, from frozen concentrated orange juice production, at processing {IL} U",IL,layered,"Orange, processing grade {RoW}| orange production, processing grade | Cut-off, U - Adapted from Ecoinvent U",0.5556,0.0,0.0331,0.3768,100.0,0.9785,24.36,Water (0.2 kg),75bf6298-5c21-58c9-b2b3-34b103fd57f2_221df680-7ad0-5923-a04d-878f0e8e12aa
"Aseptic orange pulp, from frozen concentrated orange juice production, at processing {MX} U",MX,layered,"Orange, processing grade {RoW}| orange production, processing grade | Cut-off, U - Adapted from Ecoinvent U",0.5556,0.0,0.0331,0.3768,100.0,0.9785,24.36,Water (0.2 kg),672c769a-8e60-53b5-accf-23bbeac6e46d_9c08c033-5287-5f35-bfb4-197374f8fb3e
"Aseptic orange pulp, from frozen concentrated orange juice production, at processing {US} U",US,layered,"Orange, processing grade {US}| orange production, processing grade | Cut-off, U - Adapted from Ecoinvent U",0.5556,0.0,0.0332,0.3768,100.0,0.9785,24.36,Water (0.2 kg),c0473ddb-13b7-5bde-af36-36d7e5391b8f_6e2c0653-603d-56b3-81d9-4f14792444e6
"Aseptic orange pulp, from grapefruit juice production, at processing {US} U",US,layered,"Grapefruit for juice, conventional, at farm gate {US} U",0.1646,0.0,0.0033,0.0125,100.0,0.1186,4.63,,6aa7b58b-29de-5289-a85a-8e23302d0b41_4e8be4d8-e4bf-5689-9af0-a3bb172a3d25
"Asian noodles, flavoured, dehydrated, at plant {FR} U",FR,layered,"Asian noodles, flavoured, recipe, at plant {FR} U",1.2195,18.0,1.4378,0,100.0,3.1541,0.0,,4801091e-0359-5175-bc35-e9a17c968e4d_94a3aa5a-fb60-5a36-b083-a3f667bf39cc
"Asparagus, canned {FR} U",FR,direct,"Canning vegetables, industrial, 1kg of canned product {FR} U",1,0.0,0,0,100.0,0.3677,0.0,,6055c440-6e0e-5da1-b400-21310cda01d9_b295b2d6-8a95-5d99-8e5f-38ed3efe4119
"Asparagus, peeled, at processing {FR} U",FR,layered,"Asparagus, consumption mix {FR} U",1.67,40.12,0,0,100.0,0,67.0,,30346673-ced5-5610-9f4d-1f1a2a2ba4f0_e757f6f4-8149-5b02-b826-14b82317e43c
"Atlantic bass, fillet, raw, at processing {FR} U",FR,layered,"Atlantic bass, consumption mix {FR} U",2.27,55.95,0,0,100.0,0,0.0,,04194af5-ec00-566d-9ead-9b17f358a11e_ae299334-bd3a-554e-acd1-95cc503304b1
"Atlantic bass, residues, raw, at processing {FR} U",FR,layered,"Atlantic bass, consumption mix {FR} U",0.0,0.0,0,0,100.0,0,0.0,,244c14b8-b3dd-5e78-bf79-d31c4a186280_71c9b020-5ecc-5afc-b253-622deccfa9d9
"Atlantic chub mackerel, fillet, raw, at processing {FR} U",FR,layered,"Atlantic chub mackerel, consumption mix {FR} U",1.92,47.92,0,0,100.0,0,0.0,,66479338-6d8f-5cd0-bae4-d79881f75c04_351ceea3-b6c9-5254-ab4c-d25539c48946
"Atlantic chub mackerel, residues, raw, at processing {FR} U",FR,layered,"Atlantic chub mackerel, consumption mix {FR} U",0.0,0.0,0,0,100.0,0,0.0,,54ee95bb-6089-585d-b125-15183bb3cf3e_ab4c79d0-0bdd-5e62-ba53-59fc0336caa9
"Atlantic halibut, fillet, raw, at processing {FR} U",FR,layered,"Atlantic halibut, consumption mix {FR} U",1.67,40.12,0,0,100.0,0,0.0,,5f88a67c-12dc-5b24-adc1-db5a4cbff63e_2f4c5c01-de47-501f-b3c7-a749300eea97
"Atlantic halibut, residues, raw, at processing {FR} U",FR,layered,"Atlantic halibut, consumption mix {FR} U",0.0,0.0,0,0,100.0,0,0.0,,bd82d9f2-083a-55a3-92a2-5eb863999e61_4353ea19-e38b-51ce-a0d1-f835b38bcc16
"Atlantic herring, fillet, raw, at processing {FR} U",FR,layered,"Atlantic herring, consumption mix {FR} U",2,50.0,0,0,100.0,0,0.0,,d7f594e6-a76b-5c7d-a3c5-adbee609816a_3488ea46-95be-5299-a6a9-2db15aebbb01
"Atlantic herring, residues, raw, at processing {FR} U",FR,layered,"Atlantic herring, consumption mix {FR} U",0.0,0.0,0,0,100.0,0,0.0,,141145f0-7de0-5448-b619-d7e5edb11895_f40d7b77-b275-524f-8a1e-33cd39f693ce
"Atlantic herring, smoked, fillet, at processing {FR} U",FR,layered,"Atlantic herring, fillet, raw, at processing {FR} U",1,0.0,0,0,100.0,0,0.0,,768217ce-1157-5ec5-9962-4aa9481de3bd_2edd27ce-149b-5e31-92ac-afddb30d3990
"Atlantic herring, smoked, in oil, at processing {FR} U",FR,layered,"Atlantic herring, fillet, raw, at processing {FR} U",1,0.0,0,0,100.0,0,0.0,,9b31f79c-5a96-5e60-aa70-f325fcd5ff8e_60f14b33-8da5-52e7-ac86-b7f62f849c08
"Atlantic herring, smoked, plain, at processing {FR} U",FR,layered,"Atlantic herring, fillet, raw, at processing {FR} U",1,0.0,0,0,100.0,0,0.0,,aaf352a3-88a4-5582-b39b-8591d30d8e0d_a810997d-b3bb-512c-bb0a-de5147d97675
"Avocado, peeled and pitted, at processing {FR} U",FR,layered,"Avocado, consumption mix {FR} U",1.428,29.97,0,0,100.0,0,42.8,,fd342018-f368-5375-ba32-9b36f3635949_c842eb2f-4cd1-52e6-9777-5d313e1aa680
"Bacon, back, at plant {FR} U",FR,layered,"Meat without bone, pork {FR} U",1.13,11.5,0,0,100.0,0,0.0,Water (0.236 kg),1707c993-81dd-5a31-8b66-8903a5b156a3_7f365988-b3ce-54b4-8c8e-86315f31aa58
"Bamboo shoots, canned {FR} U",FR,direct,"Canning vegetables, industrial, 1kg of canned product {FR} U",1,0.0,0,0,100.0,0.4636,0.0,,21015528-e1ec-52a1-9469-901d4e94c7bc_175d259d-6aa7-50c9-805a-ce42201a26d8
"Bamboo shoots, peeled, at processing {FR} U",FR,layered,"Bamboo shoots, consumption mix {FR} U",1.25,20.0,0,0,100.0,0,25.0,,f45f39e4-377e-5e9d-96ff-5701086636d6_e1c68d63-11c3-5bbb-90e2-0fb51a0a7bcb
"Banana puree, reconstituted from a concentrate, at plant {FR} U",FR,direct,"Frozen concentrated banana puree, consumption mix {FR} U",0.633,0.0,0.0293,0.2728,100.0,0.377,1.0,"Heat, waste (0.109 MJ)",aada14fd-f51b-5172-9107-8350abf5db2d_95de1bd2-9d6d-52bb-a238-892228e84bb0
"Banana, peeled, at processing {FR} U",FR,layered,"Banana, consumption mix {FR} U",1.428,29.97,0,0,100.0,0,42.8,,f515a2bb-f6fc-5017-ac40-6b20353e9234_5166d22e-37d0-5001-83b5-5509e0c467ca
"Barley bran, at industrial mill {FR} U",FR,direct,"Barley, consumption mix {FR} U",0.12,0.0,0.0106,0,100.0,0.0039,0.0,Water (0.000478 kg); Water/m3 (3.43e-06 m3),c03f66a0-6d99-5fb0-91b9-956025a24262_8fb7c040-d3ca-51ae-9073-c2caa3671f15
"Barley flour, at industrial mill {FR} U",FR,direct,"Barley, consumption mix {FR} U",0.88,0.0,0.0775,0,100.0,0.0287,0.0,Water (0.0035 kg); Water/m3 (2.52e-05 m3),b134bbd0-96e6-55ac-8378-3b7c2a901d70_1657ce9c-16b2-59d1-92f3-6ad00997992c
"Barley flour, at plant {FR} U",FR,layered,"Barley flour, at industrial mill {FR} U",1,0.0,0.1049,0,100.0,0.0388,0.0,,027ee231-c178-5826-bf05-b87a1f059dda_be70d47e-6a6e-53d0-b768-0f790722f6e9
"Basil, peeled, at processing {FR} U",FR,layered,"Basil, fresh, consumption mix {FR} U",1.25,20.0,0,0,100.0,0,25.0,,0ba2231c-6106-5cde-b063-23fb199c6984_b0814d77-afe8-542c-b616-e12522309894
"Beer, regular (4-5 degrees alcohol), at plant {FR} U",FR,direct,"Barley, for malting processing, consumption mix {FR} U",0.136,14.64,0.5525,2.273,25.0,6.889,14.64,,cf24c1cd-b3fe-550a-b09f-ed923e4c55ce_47deef2d-fcc7-5c02-a78e-e4ffbd557a3e
"Beetroot juice, pure juice, at processing {DE} U",DE,layered,"Beetroot for juice, conventional, at farm gate {FR} U",2.4691,59.5,0.0356,0.126,100.0,1.5878,146.91,,644575c4-0f89-5973-86b5-ccb360419da1_773f3939-108a-5e9f-bc34-f318b3f1a53a
"Beetroot juice, pure juice, filled, at plant {FR} U",FR,layered,"Beetroot juice, pure juice, consumption mix {FR} U",1,0.0,0.0148,0,100.0,0.0654,0.0,,467bfc95-7900-5006-b555-6eb3a4ed983e_24dfa97b-67e3-5ed6-9f2e-1ccbf74401b4
"Belly, pork, at plant {FR} U",FR,layered,"Meat without bone, pork {FR} U",7.1,85.92,0,0,100.0,0,0.0,,f1c7c834-9af4-54f7-90e5-1dc2cb8c638e_f1e5857f-8dba-5d22-be51-79e8e6b73713
"Big-scale sand smelt, fillet, raw, at processing {FR} U",FR,layered,"Big-scale sand smelt, consumption mix {FR} U",2,50.0,0,0,100.0,0,0.0,,e14254d9-4300-596e-985d-8edb02df135e_ccb83c63-8060-591f-9bab-3b4242be5533
"Big-scale sand smelt, residues, raw, at processing {FR} U",FR,layered,"Big-scale sand smelt, consumption mix {FR} U",0.0,0.0,0,0,100.0,0,0.0,,4908b37b-304d-511b-93d6-218dba244b97_31158088-675b-50ff-88aa-d036a5e71dcf
"Bigeye scad, fillet, raw, at processing {FR} U",FR,layered,"Bigeye scad, consumption mix {FR} U",1.92,47.92,0,0,100.0,0,0.0,,d624927c-51ad-5f0b-b960-fe8a03bbc0e8_c1a2cdfe-4bf7-563b-88e7-8dc3d3041e76
"Bigeye scad, residues, raw, at processing {FR} U",FR,layered,"Bigeye scad, consumption mix {FR} U",0.0,0.0,0,0,100.0,0,0.0,,e05b9563-3231-563b-b30f-c245073ce3d0_30f36470-2957-5ffd-95d2-c94bdfda2f2e
"Black pepper, dried, conventional, at plant {BR} U",BR,direct,"Black pepper, conventional, at farm gate {VN} U",2.8571,65.0,0.5819,0,100.0,10,0.0,Water (1.86 kg),d580bfd6-89de-54f7-918d-d574d82df91c_97e38c0a-af35-5a29-ac4e-169dbca122aa
"Black pepper, dried, conventional, at plant {ID} U",ID,direct,"Black pepper, conventional, at farm gate {VN} U",2.8571,65.0,0.5819,0,100.0,10,0.0,Water (1.86 kg),e92fb0c9-7515-506a-af2e-50998f4dbedb_6626e656-c0ac-5dbe-ab17-8048926ddd8d
"Black pepper, dried, conventional, at plant {IN} U",IN,direct,"Black pepper, conventional, at farm gate {VN} U",2.8571,65.0,0.5819,0,100.0,10,0.0,Water (1.86 kg),3e13d5bf-2f3b-5a7b-8493-201a2bde91bd_239ae467-897a-5b7a-9d31-78e38fce28e7
"Black pepper, dried, conventional, at plant {VN} U",VN,direct,"Black pepper, conventional, at farm gate {VN} U",2.8571,65.0,0.5819,0,100.0,10,0.0,Water (1.86 kg),a2e17a67-28a6-5b46-b784-e0f25c14205c_bb36e536-9b39-5436-8261-c5921316542e
"Black pepper, dried, powder, at processing {FR} U",FR,direct,"Black pepper, dried, consumption mix {FR} U",1,0.0,0.015,0,100.0,0,0.0,,27f8885c-62c1-5749-97c5-5512a78d4660_537d4463-d68e-5bfe-8124-aa8b8bf9ce43
"Black seabream, fillet, raw, at processing {FR} U",FR,layered,"Black seabream, consumption mix {FR} U",2.4,58.33,0,0,100.0,0,0.0,,054b6e0e-d4d7-5e30-98fa-de0a8a349541_b854f454-7bf8-56bf-a1ea-82ff6ac9857b
"Black seabream, residues, raw, at processing {FR} U",FR,layered,"Black seabream, consumption mix {FR} U",0.0,0.0,0,0,100.0,0,0.0,,e4094713-f969-510a-a855-e8d3a7cb5a19_324dd567-fcad-5d07-bab6-da7d24aa85e5
"Black soldier fly fresh larvae, at processing {FR} U",FR,direct,Oxygen,0.4093,0.0,0,0,100.0,0.6104,39.89,Carbon dioxide (0.563 kg); Water (0.497 kg); Ammonia (0.000422 kg); Methane (9.87e-06 kg),e8bb14f3-6f84-5178-a648-166068f1a66b_11f91642-5196-593f-87df-c926d9457359
"Blackberries, peeled, at processing {FR} U",FR,layered,"Blackberries, consumption mix {FR} U",1.03,2.91,0,0,100.0,0,3.0,,447fa7fa-558e-5c61-9834-b4982c0fb809_990634bb-ba29-5238-b5bc-9325ce8432c0
"Blackspot seabream, fillet, raw, at processing {FR} U",FR,layered,"Blackspot seabream, consumption mix {FR} U",2.4,58.33,0,0,100.0,0,0.0,,f8761683-1aeb-5b72-82db-83d6655b1cb9_41ef3023-aa21-5c9d-9653-9cb65e2cd031
"Blackspot seabream, residues, raw, at processing {FR} U",FR,layered,"Blackspot seabream, consumption mix {FR} U",0.0,0.0,0,0,100.0,0,0.0,,e3014eea-6157-588d-b2a7-032a712556c6_0a7adbd2-5fee-5dd6-b645-059a4f8478a9
"Blended fat (vegetable and animal origins), 50-63% fat, at plant {FR} U",FR,direct,"Butter, 82% fat, unsalted, at dairy {FR} U",0.3,0.0,0,0,100.0,0.4,0.0,,0cb5f5af-273f-56ea-b7c5-f78fa591d268_10806cec-13f3-5a9c-9341-ca13a96203c1
"Blended fat (vegetable and animal origins), 50-63% fat, lightly salted, at plant {FR} U",FR,direct,"Butter, 82% fat, unsalted, at dairy {FR} U",0.3,0.0,0,0,100.0,0.4,0.0,,3b965769-bd30-5879-ae48-14e1f7536a47_a7ff70de-7308-545b-a09f-5bfc1dad6231
"Blended fat (vegetable and animal origins), spreadable, 30-40% fat, at plant {FR} U",FR,direct,"Butter, light, 39-41% fat, unsalted, at dairy {FR} U",0.3,0.0,0,0,100.0,0.4,0.0,,8aa743bc-1c68-58f6-9d70-be7e82f14f55_937a7525-1ca5-56cd-9ea9-3af03fdbcf35
"Blended fat (vegetable and animal origins), spreadable, 30-40% fat, lightly salted, at plant {FR} U",FR,direct,"Butter, light, 39-41% fat, unsalted, at dairy {FR} U",0.3,0.0,0,0,100.0,0.4,0.0,,dd9913e4-651d-510c-961c-25e7039006d4_4549f0d6-b1f2-56b0-8bae-2ebc18cca188
"Blue grenadier, fillet, raw, at processing {FR} U",FR,layered,"Blue grenadier, consumption mix {FR} U",2.5,60.0,0,0,100.0,0,0.0,,934be15c-5524-50ac-94e9-a6829c233f77_1cd242ca-866a-50b4-9a99-7bbe44a12350
"Blue grenadier, residues, raw, at processing {FR} U",FR,layered,"Blue grenadier, consumption mix {FR} U",0.0,0.0,0,0,100.0,0,0.0,,a3e9ee11-6894-5d00-830d-a73739762821_5c466a38-72b0-539a-be56-19f407346d30
"Blue ling, fillet, raw, at processing {FR} U",FR,layered,"Blue ling, consumption mix {FR} U",2.75,63.64,0,0,100.0,0,0.0,,8024a21b-ce00-5772-9fe7-c23c62fc20c5_5655a29d-2891-507e-9e73-38fe8ab23ce4
"Blue ling, residues, raw, at processing {FR} U",FR,layered,"Blue ling, consumption mix {FR} U",0.0,0.0,0,0,100.0,0,0.0,,37c7c24d-7954-5106-80fb-10af8ad71a21_4dc4d292-5901-5e2f-b7d8-3a33479a3c6c
"Blue shark, fillet, raw, at processing {FR} U",FR,layered,"Blue shark, consumption mix {FR} U",2.75,63.64,0,0,100.0,0,0.0,,48eb2502-3594-5667-9aef-1b477df4ce0e_3da3d206-2430-541d-af9a-16eb2e7d22f1
"Blue shark, residues, raw, at processing {FR} U",FR,layered,"Blue shark, consumption mix {FR} U",0.0,0.0,0,0,100.0,0,0.0,,96d632a4-8862-5e4a-8348-02a5897dcce9_0830a27a-0848-5299-831a-c2b0af081d0f
"Blueberries, peeled, at processing {FR} U",FR,layered,"Blueberries, consumption mix {FR} U",1.03,2.91,0,0,100.0,0,3.0,,6f60c951-1db4-5d17-a022-5900a60e6209_93408e2e-78b0-5a07-8806-aa158a08a68b
"Bogue, fillet, raw, at processing {FR} U",FR,layered,"Bogue, consumption mix {FR} U",2,50.0,0,0,100.0,0,0.0,,64722cd0-c67f-5861-a0e8-d29e0322f877_07da106e-c2cc-52f1-8ef8-1e35365429d6
"Bogue, residues, raw, at processing {FR} U",FR,layered,"Bogue, consumption mix {FR} U",0.0,0.0,0,0,100.0,0,0.0,,cf5a8a5a-ef67-59ce-ab39-a1866635d704_e64aa426-3bfc-51bd-b1f5-eddb4eb3a685
"Bonito, fillet, raw, at processing {FR} U",FR,layered,"Bonito, consumption mix {FR} U",1.67,40.12,0,0,100.0,0,0.0,,9ba4372c-e786-536f-85a3-717c4c8f49ac_b5a87747-535b-58ca-bd46-09e0e5236018
"Bonito, residues, raw, at processing {FR} U",FR,layered,"Bonito, consumption mix {FR} U",0.0,0.0,0,0,100.0,0,0.0,,d269d44c-a614-5580-b687-9e1ab89cc8bb_3e4f4356-8ee2-5eac-a5a8-fee74ce02179
"Brazil nuts, unshelled, at processing {FR} U",FR,layered,"Brazil nuts, with shell, consumption mix {FR} U",2,50.0,0,0,100.0,0,100.0,,03388e69-6e33-5178-bd64-ca8acc953439_3a2ce38d-6947-50bf-b57e-646b8f3a5b38
"Broad bean, fresh, frozen, at processing {FR} U",FR,layered,"Broad beans, consumption mix {FR} U",1,0.0,0.287,0.8136,100.0,10.9002,0.0,,51334435-8d5d-52fa-9f95-2c34e9735e09_7794726b-5de9-5c93-b2e3-16f5dc429e33
"Broad bean, peeled, frozen, at processing {FR} U",FR,layered,"Broad beans, consumption mix {FR} U",1,0.0,0.287,0.8136,100.0,10.9002,0.0,,89efe5fb-ffea-5f6b-83aa-d5afc17a2fd0_7a48c99b-f0dc-5c2f-a7fb-2976916b0b58
"Broccoli, frozen, at processing {FR} U",FR,layered,"Broccoli, peeled, at processing {FR} U",1,0.0,0.287,0.8136,100.0,10.9002,25.0,,57bb0540-e119-5a29-a5ae-bf80ba881952_5e207f96-14f6-550b-b35e-bca22ae7027e
"Broccoli, peeled, at processing {FR} U",FR,layered,"Broccoli, consumption mix {FR} U",1.25,20.0,0,0,100.0,0,25.0,,8f0c05d6-fa8c-5d54-81f3-396eee4f0233_cb6daff9-ea7d-5a8d-8b60-87d094b78e30
"Brown bullhead, fillet, raw, at processing {FR} U",FR,layered,"Brown bullhead, consumption mix {FR} U",2.27,55.95,0,0,100.0,0,0.0,,666e5ae8-5dce-590f-ac6c-a278c7e5dfa1_72690530-1687-5284-af9e-480c0baeb4d3
"Brown bullhead, residues, raw, at processing {FR} U",FR,layered,"Brown bullhead, consumption mix {FR} U",0.0,0.0,0,0,100.0,0,0.0,,3e5605b0-435c-5d12-a872-3275163389ea_2a5189ef-7a00-5017-9744-f696e1aa76fb
"Brown meagre, fillet, raw, at processing {FR} U",FR,layered,"Brown meagre, consumption mix {FR} U",1.67,40.12,0,0,100.0,0,0.0,,a221bff8-8b3b-527a-9ada-daa2f9a12c42_90a57f98-7689-597c-8e2f-4f1517d282ad
"Brown meagre, residues, raw, at processing {FR} U",FR,layered,"Brown meagre, consumption mix {FR} U",0.0,0.0,0,0,100.0,0,0.0,,f97c7418-2b37-53f5-b4bb-af9db381d55a_a5f201a5-f778-5c5a-9b75-1638bd4fc7f6
"Brussels sprout, canned {FR} U",FR,direct,"Canning vegetables, industrial, 1kg of canned product {FR} U",1,0.0,0,0,100.0,0.3302,0.0,,3511bf16-465c-5b7f-85b5-54d3ad87c570_132c7d43-5a3f-596c-b19c-532fd5c2b987
"Brussels sprout, frozen, at processing {FR} U",FR,layered,"Brussels sprout, peeled, at processing {FR} U",1,0.0,0.3137,0.8136,100.0,10.9002,10.0,,d2ef3a0d-0dbd-5b6e-8a07-d9fa4351d14d_265cd87e-022a-58b8-9706-960c6ae47f97
"Brussels sprout, peeled, at processing {FR} U",FR,layered,"Brussels sprout, consumption mix {FR} U",1.1,9.09,0,0,100.0,0,10.0,,f1758767-4c73-5a26-bfbd-0128b06eadd8_3b5dbe4f-7392-569c-8baa-ba03aae18419
"Buckwheat bran, at industrial mill {FR} U",FR,direct,"Buckwheat, consumption mix {FR} U",0.12,0.0,0.0106,0,100.0,0.0039,0.0,Water (0.000478 kg); Water/m3 (3.43e-06 m3),0ce2349e-035d-5a30-a42e-e63b76aa13c9_37fa3e9f-c7ed-5240-a61d-15d33c1cd919
"Buckwheat bran, at industrial mill {IT} U",IT,direct,"Buckwheat, consumption mix {IT} U",0.12,0.0,0.0106,0,88.0,0.0039,0.0,Water (0.000478 kg),6c0ec327-364c-558f-bf27-b9e328c1f917_0ac7048e-1975-55bd-ae34-9f285b263622
"Buckwheat flour, at industrial mill {FR} U",FR,direct,"Buckwheat, consumption mix {FR} U",0.88,0.0,0.0775,0,100.0,0.0287,0.0,Water (0.0035 kg); Water/m3 (2.52e-05 m3),8d77ebe2-1b80-5286-816d-8663e29b1f0a_5ddd3bf4-1615-5503-b533-75c629213833
"Buckwheat flour, at industrial mill {IT} U",IT,direct,"Buckwheat, consumption mix {IT} U",0.88,0.0,0.0775,0,88.0,0.0287,0.0,Water (0.0035 kg),83ed3b55-5bf6-56fb-b90d-7877b12e796e_d946074d-27ab-5724-9888-bafd889a2532
"Buckwheat flour, at plant {FR} U",FR,layered,"Buckwheat flour, at industrial mill {FR} U",1,0.0,0.1121,0,100.0,0.0388,0.0,,51c7db38-5363-545b-8f1b-683ca9863bb6_4f5826fa-7665-5c81-b89e-6d66f3deb553
"Butter bean or yellow bean, canned {FR} U",FR,direct,"Canning vegetables, industrial, 1kg of canned product {FR} U",1,0.0,0,0,100.0,0.4427,0.0,,0f085735-5cc2-5f78-8c76-715b9a4c82b9_aa7f6252-5025-5c9f-a785-60df98fef005
"Butter bean or yellow bean, frozen, at processing {FR} U",FR,layered,"Butter bean, peeled, at processing {FR} U",1,0.0,0.2902,0.8136,100.0,10.9002,25.0,,b41ca907-aa35-57ae-9f07-df44e627aff4_ac42bbf1-f6a2-5909-b05d-7af96a0a0965
"Butter bean, peeled, at processing {FR} U",FR,layered,"Butter bean, consumption mix {FR} U",1.25,20.0,0,0,100.0,0,25.0,,961f8ca0-b4f2-54d3-9151-14e16d0ff793_8713f7a2-6c68-51d6-a38e-fc731f593089
"Butter, 60-62% fat, light, lightly salted, at dairy {FR} U",FR,wrapper_wfldb,"Butter, 60-62% fat, light, lightly salted, at dairy {FR} - Adapted from WFLDB U",1,0.0,0,0,100.0,0,0.0,,d55d55fb-fb89-5e32-a2a4-13ae22f3b75c_54ac4973-dbab-54ea-8dc2-37c500d63209
"Butter, 60-62% fat, light, unsalted, at dairy {FR} U",FR,wrapper_wfldb,"Cow milk, consumption mix {FR} U",5.9766,0.0,0.5898,0.0393,33.0,0.5898,0.0,,3aa53349-2666-5f68-aa14-c58f40e20591_90d7cb7b-ced9-5df1-ae6a-8a998280f872
"Butter, 80% fat, lighly salted, at dairy {FR} U",FR,wrapper_wfldb,"Butter, 80% fat, lightly salted, at dairy {FR} - Adapted from WFLDB U",1,0.0,0,0,100.0,0,0.0,,394979c4-f60b-552d-8ce3-40f56e65f4bf_b266c27b-2f02-5f28-86c0-e6b698d9fa20
"Butter, 80% fat, salted, at dairy {FR} U",FR,wrapper_wfldb,"Butter, 80% fat, salted, at dairy {FR} - Adapted from WFLDB U",1,0.0,0,0,100.0,0,0.0,,7a515b88-d939-5945-883d-57c73429aadb_0e24ea17-ec78-5692-a3b4-2ad4ed302951
"Butter, 82% fat, unsalted, at dairy {FR} U",FR,wrapper_wfldb,"Cow milk, consumption mix {FR} U",6.5816,0.0,0.4809,0.0321,33.0,0.4809,0.0,,7c235fbd-e757-5987-a6ea-28bf873dda83_54652585-3ae3-5810-80b0-9e00a093d0c2
"Butter, 82% fat, unsalted, easy-to-spread, at dairy {FR} U",FR,wrapper_wfldb,"Cow milk, consumption mix {FR} U",6.5816,0.0,0.4809,0.0321,33.0,0.4809,0.0,,ac20e762-235d-5425-8fd7-3e123f6ec80e_06498894-2c1b-5ff3-b782-26892b6bf399
"Butter, light, 39-41% fat, unsalted, at dairy {FR} U",FR,wrapper_wfldb,"Cow milk, consumption mix {FR} U",5.0747,0.0,0.7537,0.0502,33.0,0.7537,0.0,,9fa995f1-7532-50aa-8cdd-67569b7d6f21_a5007fad-e5c2-5a93-8975-470f37fe0b7e
"Camembert cheese, from cow's milk, at plant {FR} U",FR,layered,"Camembert cheese, from cow's milk, consumption mix {FR} U",1,0.0,0,0,100.0,0,0.0,,87bdce26-124d-5458-b37e-bc37eaf75644_b8840bd8-cf00-5e8a-b7ce-54c801940d52
"Candy pomace, glutamate by-product {CN} U",CN,direct,"Sulfur dioxide, liquid {RoW}| market for | Cut-off, S - Copied from Ecoinvent U",0.0166,0.0,2.8363,0,100.0,0,0.0,"Nitrogen oxides, CN (2.44 g); Coal tailings (1.14 kg); Corn dust (biomass) (0.535 ); Sulfur dioxide, CN (0.408 g); Coal ash (0.24 kg); BOD5 (Biological Oxygen Demand), CN (0.185 kg); Suspended solids, unspecified (0.149 kg); Slags (0.12 kg); Ammonia, as N (0.0773 kg); Carbon dioxide (0.0115 ton); Heat, waste (0.00955 MJ)",395648cd-d2ff-5af4-9053-7b1b1ea6eee0_d863abb3-bc15-5348-9b49-cba76a081edf
"Capelin, fillet, raw, at processing {FR} U",FR,layered,"Capelin, consumption mix {FR} U",1.67,40.12,0,0,100.0,0,0.0,,ca8c4571-2aa5-5a6d-96c7-efeba032f109_7b1350cc-505f-5512-927d-b6ce3f5ac22d
"Capelin, residues, raw, at processing {FR} U",FR,layered,"Capelin, consumption mix {FR} U",0.0,0.0,0,0,100.0,0,0.0,,d8b8c6dc-40e5-5ce4-b4b2-8b43814393bd_72b5972b-3dfb-5576-88c4-7e0445eff0c6
"Carp, fillet, raw, at processing {FR} U",FR,layered,"Carp, consumption mix {FR} U",2,50.0,0,0,100.0,0,0.0,,e3a016df-abe9-5a93-b772-79103d023031_40f1871b-f088-5778-96f6-9d769d883400
"Carp, residues, raw, at processing {FR} U",FR,layered,"Carp, consumption mix {FR} U",0.0,0.0,0,0,100.0,0,0.0,,9a0efec7-b7e3-5702-96af-fd1d6684b662_948faf0b-2eab-5583-8fc5-fd9e5f086cb1
"Carrot juice, pure juice, at plant {FR} U",CR,layered,"Carrot juice, pure juice, at processing {FR} U",1,0.0,0,0,100.0,0,18.09,,741f813d-0e68-5258-b67f-754e161ff64b_28a1aed0-0d9f-5a29-a000-dd3e56a4ef37
"Carrot juice, pure juice, at processing {FR} U",FR,layered,"Carrot, conventional, national average, at farm gate {FR} U",1.8094,44.73,0.0368,0.1165,100.0,1.2366,18.09,,19091747-35d1-5d74-bb33-de428284ba36_b98974ee-dfb5-56ab-b634-96a8bc1025ff
"Carrot juice, pure juice, filled, at plant {FR} U",FR,layered,"Carrot juice, pure juice, consumption mix {FR} U",1,0.0,0.0479,0,100.0,1.301,0.0,,c0b6048a-2d19-5a49-99d1-685198008306_301f59df-1e51-5bc3-9d6a-ea0b495bbf54
"Carrot pomace, fresh, from carrot juice production, at processing {FR} U",FR,layered,"Carrot, conventional, national average, at farm gate {FR} U",0.1659,0.0,0.0034,0.0107,100.0,0.1134,1.66,,c39f21b2-1314-5140-a4e2-95a44c258dd1_4cd72ae4-89ee-5166-ac48-2fe9cab33a8d
"Carrot pomace, fresh, from frozen concentrated carrot puree production, at processing {FR} U",FR,layered,"Carrot, conventional, national average, at farm gate {FR} U",0.25,0.0,0.0175,0.2228,100.0,0.5425,2.5,Water (0.117 kg),83efe4a0-d966-5a22-93aa-46744fcf4029_0ce2d522-d0d9-5f8a-ba58-46354d512e6e
"Carrot puree, reconstituted from a concentrate, at plant {FR} U",FR,direct,"Frozen concentrated carrot puree, consumption mix {FR} U",0.2806,0.0,0.0293,0.2728,100.0,0.7294,1.0,"Heat, waste (0.109 MJ)",56c85406-b593-59f3-a74e-3186564ea521_d576ba4a-e858-56c5-bba9-1b00dcc86caa
"Carrot, canned {FR} U",FR,direct,"Canning root vegetables, industrial, 1kg of canned product {FR} U",1,0.0,0,0,100.0,0.3302,0.0,,e6951bdc-e31f-52aa-a822-7da2e1c7a142_f64eb191-527e-571f-abc0-c35fa606af0d
"Carrot, frozen, at processing {FR} U",FR,layered,"Carrot, peeled, at processing {FR} U",1,0.0,0.2896,0.8136,100.0,10.9002,10.0,,b48b835a-1956-5154-82d7-b7e03699adfb_44079259-6fd4-52ba-8cd2-da267c50e9bf
"Carrot, peeled, at processing {FR} U",FR,layered,"Carrot, consumption mix {FR} U",1.1,9.09,0,0,100.0,0,10.0,,ce6bd0f4-4f67-5f7e-bac3-caaa264a2571_0725b71a-63a4-56c7-9415-751453372ebc
"Carrot, processing for grated carrots at plant {FR} U",FR,direct,"Grated carrots, recipe, at plant {FR} U",1,0.0,0.378,0,100.0,5.5,0.0,,f298ae9e-157f-5922-b34e-c6a9a381d7c8_80ca1038-2bd6-5922-8404-295918b4ea93
"Cashew nut, unshelled, at processing {FR} U",FR,layered,"Cashew nut, consumption mix {FR} U",2,50.0,0,0,100.0,0,100.0,,9ff068bc-2afd-524f-8a6d-74c311eb46f1_02827453-7056-5583-b9bc-4fd6483808a8
"Cassava, peeled, at processing {FR} U",FR,layered,"Cassava, consumption mix {FR} U",1.1,9.09,0,0,100.0,0,10.0,,215e3608-f97e-5ac6-aecf-af6f2176de71_7053c2f5-b909-56f6-9223-79278181ff74
"Cattle feed, fresh, from frozen concentrated pineapple juice production, at processing {CR} U",CR,wrapper_wfldb,"Carbon dioxide, in air",13696.3433,99.99,0,0,100.0,0,0.0,Water (0.197 kg),314d7d1c-59ed-5536-994b-f9ac8dbf6db6_ac420a66-c657-5462-a92d-f05a4be78e35
"Cattle feed, fresh, from frozen concentrated pineapple juice production, at processing {KE} U",KE,layered,"Pineapple, at farm {KE} U",0.4949,0.0,0.0403,0.3737,100.0,0.9473,8.41,Water (0.197 kg),5acd3cd2-794e-5991-8dd0-9dc695e81cd7_4d5a43f1-8890-5faf-8ef2-87eecdbe59db
"Cattle feed, fresh, from frozen concentrated pineapple juice production, at processing {TH} U",TH,layered,"Pineapple, at farm {TH} U",0.4949,0.0,0.0403,0.3737,100.0,0.9473,8.41,Water (0.197 kg),06dea037-4a0f-5424-80eb-5b5576977f1e_d7e9b81b-79d2-5ded-bd14-80a5c22c546b
"Cattle feed, fresh, from pineapple juice production, at processing {CR} U",CR,wrapper_wfldb,"Carbon dioxide, in air",13696.3433,99.99,0,0,100.0,0,0.0,,c48437a6-f49f-55d2-aef4-9bedc2d3e2a9_f59f3d81-c61b-5573-afb8-448afac525b0
"Cattle feed, fresh, from pineapple juice production, at processing {KE} U",KE,layered,"Pineapple, at farm {KE} U",0.038,0.0,0.0007,0.0026,100.0,0.0266,0.6,,9f5eb53c-d4c5-52ee-9fd6-97a64bff279c_6bab1af3-0107-5cea-b180-08a841e25c97
"Cattle feed, fresh, from pineapple juice production, at processing {TH} U",TH,layered,"Pineapple, at farm {TH} U",0.038,0.0,0.0007,0.0026,100.0,0.0266,0.6,,cfd43382-5404-5ae7-864c-87bcf32bb089_aea9ac25-f967-5799-95b7-b5f2ccf7a8bc
"Cauliflower, frozen, at processing {FR} U",FR,layered,"Cauliflower, peeled, at processing {FR} U",1,0.0,0.3174,0.8136,100.0,10.9002,25.0,,b66b295c-4e83-5eb5-bdbe-0bf9415d98d0_1071fe68-e270-5f1f-8739-b45f8980b7d6
"Cauliflower, peeled, at processing {FR} U",FR,layered,"Cauliflower, consumption mix {FR} U",1.25,20.0,0,0,100.0,0,25.0,,e3f5d96a-d33b-539c-a898-3d89ee54bd02_1c05619e-c4ca-5952-b176-f8c0a59cc4dc
"Celeriac, peeled, at processing {FR} U",FR,layered,"Celeriac, consumption mix {FR} U",1.25,20.0,0,0,100.0,0,25.0,,a0fbf8ad-7fc4-526f-8f73-152802263a41_19052278-dc89-59f2-82e0-a199bd4e8be4
"Celery stalk, canned {FR} U",FR,direct,"Canning root vegetables, industrial, 1kg of canned product {FR} U",1,0.0,0,0,100.0,0.3302,0.0,,fc6096d5-61bc-5feb-8b55-f16214f8fa8b_1d882a93-b474-5a49-b81b-638b5b9a2942
"Celery stalk, peeled, at processing {FR} U",FR,layered,"Celery, consumption mix {FR} U",1.03,2.91,0,0,100.0,0,30.0,,55738111-9305-556b-8f24-08d57b3edf52_ebd1210f-9167-5cbe-a39a-c2a6e2699398
"Celery, peeled, at processing {FR} U",FR,layered,"Celery, consumption mix {FR} U",1.03,2.91,0,0,100.0,0,3.0,,a8372733-deac-5da8-89e9-113ae8a0fc46_70092f49-6831-5e09-8624-4632f19cf081
"Cheddar cheese, from cow's milk, at plant {FR} U",FR,layered,"Cheddar cheese, from cow's milk, consumption mix {FR} U",1,0.0,0,0,100.0,0,0.0,,b49bc148-eca8-5c0b-9d4e-7602a00e4792_6b57a350-8da3-5b6c-bd95-2c693b410d6c
"Cheese, buche, from goat's milk, at plant {FR} U",FR,layered,"Cheese, buche, from goat's milk, consumption mix {FR} U",1,0.0,0,0,100.0,0,0.0,,e0062dd8-3658-5314-9058-b9320bfc1787_e29b57ef-5391-50e3-86b1-7f2c6664fedf
"Cherries, pitted, at processing {FR} U",FR,layered,"Cherries, consumption mix {FR} U",2,50.0,0,0,100.0,0,100.0,,53a8fb0d-addf-59cb-bbfa-1e3acc633b64_2d737a59-fc2f-5c96-a8b1-30923aaa9f16
"Cherry juice, pure juice, at plant {FR} U",FR,layered,"Cherry juice, pure juice, consumption mix {FR} U",1,0.0,0.1158,0,100.0,1.3299,0.0,,eb396c5c-14a9-5433-bdb5-626ed68ea821_fbec9408-8965-5ec7-9e06-ec330a68e246
"Cherry juice, pure juice, at processing {FR} U",FR,layered,"Cherry, conventional, national average, at orchard {FR} U",1.7892,44.11,0.1057,0.1307,100.0,1.2711,78.92,,432dd6a0-eb1e-5949-9771-fdc83705fc36_6711ff39-1789-59e8-9f4f-1cae793012d9
"Chestnut bran, at industrial mill {FR} U",FR,direct,"Chestnut, peeled, at processing {FR} U",0.12,0.0,0.0106,0,100.0,0.0039,0.0,Water (0.000478 kg); Water/m3 (3.43e-06 m3),a48919d0-864f-55e5-a2e6-45a6b101fc29_1afbce89-3a56-54fe-b78e-9e9cf0cdee74
"Chestnut flour, at industrial mill {FR} U",FR,direct,"Chestnut, peeled, at processing {FR} U",0.88,0.0,0.0775,0,100.0,0.0287,0.0,Water (0.0035 kg); Water/m3 (2.52e-05 m3),63f488c3-1a27-5ff3-ab98-97add4d13db0_4924ccfa-2e8f-5620-b41b-d016f097a89a
"Chestnut, canned {FR} U",FR,layered,"Canning fruits or vegetables, industrial, 1kg of canned product {FR} U",1,0.0,0,0,100.0,0.384,7.58,,7ef59522-28f6-5959-9ce4-ed63384276f0_c539ca33-e662-5c31-a8b4-00a86faab1a2
"Chestnut, peeled, at processing {FR} U",FR,layered,"Chestnut, consumption mix {FR} U",1.1111,10.0,0,0,100.0,0,11.11,,cf27d4ff-d7d4-5d6c-a45f-5767e49d28f1_c2b911b8-b96f-5bf7-9774-cbec9c3ceda6
"Chick pea bran, at industrial mill {FR} U",FR,direct,"Chick peas, consumption mix {FR} U",0.12,0.0,0.0106,0,100.0,0.0039,0.0,Water (0.000478 kg); Water/m3 (3.43e-06 m3),d5595281-98e7-5510-ad61-e393c872f870_85cc8bf3-9ac7-54a1-a097-63020536c44c
"Chick pea flour, at industrial mill {FR} U",FR,direct,"Chick peas, consumption mix {FR} U",0.88,0.0,0.0775,0,100.0,0.0287,0.0,Water (0.0035 kg); Water/m3 (2.52e-05 m3),02288e3c-c78f-5bd4-b8bb-a423a2522c66_78c02585-2e13-5655-97d2-ae6cf621d0bb
"Chick pea flour, at plant {FR} U",FR,layered,"Chick pea flour, at industrial mill {FR} U",1,0.0,0.1162,0,100.0,0.0388,0.0,,3ca9fa29-7505-5914-a2e2-4dd4a7286ba5_ba501025-f34d-5eab-be53-14f0090f06f3
"Chick peas, canned {FR} U",FR,direct,"Canning vegetables, industrial, 1kg of canned product {FR} U",1,0.0,0,0,100.0,0.3302,0.0,,dad4ae54-44a1-52bb-b2af-5c272cd6291e_b523172a-f16a-545c-97cc-9418f3fbd56c
"Chick peas, peeled, at processing {FR} U",FR,layered,"Chick peas, consumption mix {FR} U",2,50.0,0,0,100.0,0,100.0,,b18ce403-bc52-5c2e-b161-4d81ea5cdc1a_6f9a488c-4562-519a-9b09-8124933f3c03
"Chicken egg, raw, without shell, at plant {FR} U",FR,layered,"Chicken egg, raw, consumption mix {FR} U",100,99.0,0,0,100.0,0,1000.0,,1c6b5cb8-e130-558d-95a5-d12cc258bfb1_4879aa63-9913-5d42-a8ad-6080e15f7673
"Chicken, cat. 1 and 2 materials and waste, at slaughterhouse {FR} U",FR,wrapper_wfldb,"Packaging film, low density polyethylene {GLO}| market for | Cut-off, S - Copied from Ecoinvent U",0.05,0.0,0.794,1.4,100.0,13.6,5.28,,59bbd164-c62b-5298-878e-5a84219d3ee1_e6f25782-5ddc-5447-b59a-1d63d511bd63
"Chicken, cat. 3 slaughter by-products, at slaughterhouse {FR} U",FR,wrapper_wfldb,"Packaging film, low density polyethylene {GLO}| market for | Cut-off, S - Copied from Ecoinvent U",0.05,0.0,0.794,1.4,100.0,13.6,5.28,,c3aa9155-6f11-5b0e-a7dc-0bb45b2429e4_77116a37-4ef4-5838-a456-4dd0a7742d61
"Chicken, feathers, at slaughterhouse {FR} U",FR,wrapper_wfldb,"Packaging film, low density polyethylene {GLO}| market for | Cut-off, S - Copied from Ecoinvent U",0.05,0.0,0.794,1.4,100.0,13.6,5.28,,6d59ec49-ef09-5c45-be73-e61b60dadfb5_8ecb7120-795e-58b0-aaad-c5d9d8b3e510
"Chicken, for processing, cat. 1 and 2 materials and waste, at slaughterhouse {FR} U",FR,wrapper_wfldb,"Packaging film, low density polyethylene {GLO}| market for | Cut-off, S - Copied from Ecoinvent U",0.05,0.0,0.794,1.4,100.0,13.6,5.28,,31ec6a5e-9d89-55d7-864d-fbd516f1da65_1c2acb2a-e1c6-55a7-8a49-3d96651bc34d
"Chicken, for processing, cat. 3 slaughter by-products, at slaughterhouse {FR} U",FR,wrapper_wfldb,"Packaging film, low density polyethylene {GLO}| market for | Cut-off, S - Copied from Ecoinvent U",0.05,0.0,0.794,1.4,100.0,13.6,5.28,,3a9f2b24-51e8-584f-8dda-4f2d2a4f4918_7a470a6b-356a-5a1a-b515-a99999fd7cc4
"Chicken, for processing, feathers, at slaughterhouse {FR} U",FR,wrapper_wfldb,"Packaging film, low density polyethylene {GLO}| market for | Cut-off, S - Copied from Ecoinvent U",0.05,0.0,0.794,1.4,100.0,13.6,5.28,,6e5a6382-129a-5283-ab9d-e5d4e6ececfb_b0810894-292f-5f65-a294-44d604778369
"Chicory cossettes, dehydrated at processing {FR} U",FR,layered,"Chicory roots, washed and sorted, cut into cossettes, at processing {FR} U",8.4175,88.12,15.2307,2.862,100.0,0,210.44,Water (6.33 kg),126c313c-f555-5305-b3d2-b322ab284722_643a9844-4ebf-531a-9980-dad14e1f1190
"Chicory roots, washed and sorted, cut into cossettes, at processing {FR} U",FR,layered,"Chicory roots, consumption mix {FR} U",10.5219,90.5,0.2663,0,100.0,0.0237,210.44,,0e5fb30e-3f4e-5c29-9826-20da6b401674_1603086a-4095-532d-b6fb-cde9e8ed7460
"Chicory, peeled, at processing {FR} U",FR,layered,"Chicory, consumption mix {FR} U",1.25,20.0,0,0,100.0,0,25.0,,d97d5f37-84a1-53e0-a83c-b87171c1d10a_0d1b29a3-5b50-5a92-ad63-0dfdf4483efb
"Chicory, powder, instant, at plant {FR} U",FR,wrapper_wfldb,"Water, cooling, well",11,90.91,2.3,29.04,100.0,19,0.0,,067a7d24-d752-586a-bf69-bcfbed9c34b7_25b40f62-d0f0-5be6-8af4-96b04ad1e37d
"Chicory, powder, instant, reconstituted with water at consumer, at processing {FR} U",FR,layered,"Spray drying, chicory, processing, at plant {FR} U",2.0202,50.5,17.5769,21.0522,100.0,11.0701,252.52,,bd8c0ff1-2a5c-5c70-8596-5091b678f6a4_0bb0f8e3-742c-5dd9-b56c-3fa2c855e885
"Chili, peeled, at processing {FR} U",FR,layered,"Chili, green, consumption mix {FR} U",1.25,20.0,0,0,100.0,0,25.0,,173abd3c-cdb2-5f67-ba9c-9d9d96b9cc48_0ee68137-2603-5b72-bced-9454cc9393e8
"Chinese or Japanese artichokes, frozen, at processing {FR} U",FR,layered,"Chinese or Japanese artichokes, peeled, at processing {FR} U",1,0.0,0.2896,0.8136,100.0,10.9002,10.0,,7636b9ab-0def-5d0e-a768-3b4aeca90b6b_bc4171b2-2b9a-5dc5-95cb-d0571f611d53
"Chinese or Japanese artichokes, peeled, at processing {FR} U",FR,layered,"Chinese or Japanese artichokes, consumption mix {FR} U",1.1,9.09,0,0,100.0,0,10.0,,c002b684-5496-5a8f-909a-1f9afa6ed900_5bd3e6da-9a16-566f-bdc5-54ef68a6310d
"Chive or spring onion, peeled, at processing {FR} U",FR,layered,"Chive or spring onion, fresh, consumption mix {FR} U",1.25,20.0,0,0,100.0,0,25.0,,c601946f-42ca-5d18-a91f-9f1de88cf44a_2d397fc4-741a-5283-861a-df301fdf9fb9
"Coconut meat, at processing {PH} U",PH,direct,"Coconut, dehusked {PH}| coconut production, dehusked | Cut-off, S - Copied from Ecoinvent U",2.7739,63.95,0.0601,0,100.0,0.0006,0.0,"Heat, waste (0.0568 MJ)",9ff824ca-0622-5a58-9cfc-cb279666e6e4_799c5b28-d640-5ab2-8a2d-fb49e3d5f3b5
"Coconut meat, unprocessed, at plant {PH} U",PH,layered,"Coconut meat, unprocessed, at processing {PH} U",1,0.0,0,0,100.0,0,0.0,,54cd1653-7c53-5cae-bbf3-241242374861_dcaedfaf-5de6-5533-8e34-c08691a3f5bc
"Coconut meat, unprocessed, at processing {PH} U",PH,layered,"Coconut, unprocessed, consumption mix {PH} U",2.7739,63.95,0,0,100.0,0,0.0,,5bed333b-16d2-58aa-ad4a-4a156d648b39_ddcd1e9a-d349-56be-a161-58be14799df5
"Coconut milk or coconut cream, at plant {FR} U",FR,direct,"Steam, in chemical industry {RER}| market for steam, in chemical industry | Cut-off, S - Copied from Ecoinvent U",0.296,0.0,0.0206,0,100.0,1.26,0.25,Water/m3 (0.000188 m3),42498b97-126b-515f-aae4-d7d65dadcdcd_dfb4ae36-8987-5a61-82eb-d8b9142e7c53
"Coconut milk, at processing {PH} U",PH,direct,"Coconut meat, unprocessed, at plant {PH} U",1.1,9.09,0.0645,0,100.0,4.4,10.0,"Heat, waste (0.104 MJ)",048f6554-66e5-514c-8bf7-a064bfcfd35a_78bfb5ea-94ec-5134-a40c-f5c645a7e41f
"Coconut sheel, at processing {PH} U",PH,direct,"Coconut, dehusked {PH}| coconut production, dehusked | Cut-off, S - Copied from Ecoinvent U",0.1081,0.0,0.0023,0,100.0,0.0,0.0,"Heat, waste (0.00221 MJ)",e3aecf8e-4552-5d59-979b-2bb5b8320409_b640e5fd-c23e-5334-8295-7a9502e68040
"Coconut shell, unprocessed, at processing {PH} U",PH,layered,"Coconut, unprocessed, consumption mix {PH} U",0.1081,0.0,0,0,100.0,0,0.0,,9cfa694c-aa3e-5c06-8a8f-6203eef994b5_d571a839-7882-5175-bfa7-a7a359f21bf8
"Coconut water, at processing {FR} U",FR,layered,"Coconut water, processed, unbottled, at processing {PH} U",1,0.0,0.0884,0,100.0,0.0616,0.0,,fe998000-7caa-5f7f-9bb8-267c04412b4e_b172cce5-452a-5cb5-a56d-aa554110d7cb
"Coconut water, at processing {PH} U",PH,direct,"Coconut, dehusked {PH}| coconut production, dehusked | Cut-off, S - Copied from Ecoinvent U",0.7205,0.0,0.0156,0,100.0,0.0002,0.0,"Heat, waste (0.0148 MJ)",4923d91c-bd24-50b8-9a3b-57174e1978c5_080c18f1-37a9-5f6b-9a90-99345386fabf
"Coconut water, processed, unbottled, at processing {PH} U",PH,direct,"Coconut water, unprocessed, at plant {PH} U",1,0.0,0.078,0,100.0,0.0008,0.0,"Heat, waste (0.0738 MJ)",4068f6c9-e6fb-598f-9794-d9d395ad1764_71820c13-2071-5199-bed0-9fb227f7fd62
"Coconut water, unprocessed, at plant {PH} U",PH,layered,"Coconut water, unprocessed, at processing {PH} U",1,0.0,0,0,100.0,0,0.0,,e302d860-795e-5428-b2c4-fc2f4aaea62f_48976cc6-b041-5a69-9cdd-69a9f70271ee
"Coconut water, unprocessed, at processing {PH} U",PH,layered,"Coconut, unprocessed, consumption mix {PH} U",0.7205,0.0,0,0,100.0,0,0.0,,48ed120f-dc97-5d33-ad9a-2d0a3ac7740e_fdbebd66-9f7f-5eda-9f4b-ece640aae63c
"Cod, fillet, raw, at processing {FR} U",FR,layered,"Cod, consumption mix {FR} U",2.75,63.64,0,0,100.0,0,0.0,,c49f54b2-a1df-58f3-a0bb-9039be2da2e8_a131994a-4b0b-5a1c-9fbd-49a6da61bd9b
"Cod, residues, raw, at processing {FR} U",FR,layered,"Cod, consumption mix {FR} U",0.0,0.0,0,0,100.0,0,0.0,,1d415a29-2eee-5563-9ad8-b384bc7cf8b7_891aef3a-5dbe-5359-8844-53f9adf8c915
"Coffee, decaffeinated (CO2), freeze dried, at plant {FR} U",FR,layered,"Coffee, green bean, consumption mix {FR} U",2.6,61.54,5.8306,54.012,100.0,0.09,0.0,,290a5106-4f5d-5595-b099-bed80b7f3482_2aad9d74-4e57-5b00-bd66-1f9ad7fbb48e
"Coffee, decaffeinated (CO2), roast and ground, at plant {FR} U",FR,layered,"Coffee, green bean, consumption mix {FR} U",1.23,18.7,0.5329,8.2236,100.0,0.26,0.0,,8dabd676-485d-54bc-a329-11ba5abba6f8_970145f7-771a-528d-8c37-6a31e593464d
"Coffee, freeze dried, at plant {FR} U",FR,wrapper_wfldb,"Nitrogen, liquid {RER}| market for | Cut-off, S - Copied from Ecoinvent U",350,99.71,5000,0,100.0,90,0.0,,5de9d81a-de6b-5843-bc32-eb74960b52ab_89066760-32ed-57a5-b3d7-e8b734a32669
"Coffee, roast and ground, at plant {FR} U",FR,wrapper_wfldb,?,0.0,0.0,0.14,2.541,100.0,0.26,0.0,,3712606e-46bf-56c6-b941-75f27a474269_6e5b3cad-8ec9-57ad-8b29-9a8961bc7429
"Coffee, spray dried, at plant {FR} U",FR,wrapper_wfldb,"Water, cooling, well",11,90.91,2.3,29.04,100.0,19,0.0,,dfe70790-e7c8-5093-b0e7-f7ca10a73a05_8400437e-0c28-594b-a648-d405c501e0a4
"Common dab, fillet, raw, at processing {FR} U",FR,layered,"Common dab, consumption mix {FR} U",2.75,63.64,0,0,100.0,0,0.0,,75dae2fc-b6c6-5a5f-870a-dae5793c8acc_5dd6d4fe-9abd-58d2-a9e5-7104fffd955b
"Common dab, residues, raw, at processing {FR} U",FR,layered,"Common dab, consumption mix {FR} U",0.0,0.0,0,0,100.0,0,0.0,,17293246-c071-5168-bde2-19d3467be0cf_7210a1bc-3093-5cd6-af89-1c8a17c8b3d0
"Common dentex, fillet, raw, at processing {FR} U",FR,layered,"Common dentex, consumption mix {FR} U",2.75,63.64,0,0,100.0,0,0.0,,a7919fd6-dbbc-5e51-b3de-e281ec6b935f_59efaa96-2996-5620-925d-5bc9533dce0c
"Common dentex, residues, raw, at processing {FR} U",FR,layered,"Common dentex, consumption mix {FR} U",0.0,0.0,0,0,100.0,0,0.0,,c6c28e9e-3481-5657-a595-8741b575c69e_bc35d18a-a11d-53d6-a8e0-d07d985ad480
"Common sole, fillet, raw, at processing {FR} U",FR,layered,"Common sole, consumption mix {FR} U",2.4,58.33,0,0,100.0,0,0.0,,9d818670-adf5-5ed2-9f37-e5b1aa655b09_05b844d9-5894-50cb-8e1e-6116c76d92ea
"Common sole, residues, raw, at processing {FR} U",FR,layered,"Common sole, consumption mix {FR} U",0.0,0.0,0,0,100.0,0,0.0,,dd6f11ac-1c37-5e15-bd97-b748eb1c7381_a2b92f1c-cd13-5fd8-a95a-74a98f1c4d9e
"Comte cheese, from cow's milk, at plant {FR} U",FR,layered,"Comte cheese, from cow's milk, consumption mix {FR} U",1,0.0,0,0,100.0,0,0.0,,d1512a77-0565-5e18-bf51-773bf6238913_fc26af69-b97b-5dbf-8957-6248e8454a11
"Condensed milk, whole, at plant {FR} U",FR,wrapper_wfldb,"Milk, whole, pasteurised, at plant {FR} U",1.92,47.92,0,0,100.0,0,0.0,,8c0ea119-a44e-5e5b-8d90-74174bd795df_1a313597-c196-5817-a47b-97a54b18ad24
"Conger, fillet, raw, at processing {FR} U",FR,layered,"Conger, consumption mix {FR} U",2.75,63.64,0,0,100.0,0,0.0,,12a863c6-7df7-524e-8800-4b55091be416_dc07c1d4-7034-5221-9d0f-323777595373
"Conger, residues, raw, at processing {FR} U",FR,layered,"Conger, consumption mix {FR} U",0.0,0.0,0,0,100.0,0,0.0,,74f75f9c-13ea-525f-a936-01a114915bfc_9c5f563e-237e-5080-9fe9-d4ada47181e8
"Cooked ham, case ready, at plant {FR} U",FR,layered,"Superior cooked ham packed, Fresh hams muscles, superior cooked hams packed, industrial production, French production, at plant, 1 kg superior cooked hams packed (PDi) {FR} U",1,0.0,62.8541,0.8489,100.0,119023.899,0.0,,a799e607-46da-5cbd-a5c6-360eb8c36349_57388f25-cd91-5170-89b8-266fadde4c5c
"Coriander, peeled, at processing {FR} U",FR,layered,"Coriander, consumption mix {FR} U",1.1,9.09,0,0,100.0,0,10.0,,578deb3d-c4c7-5aed-ab2f-f5e5159d3512_60371022-7917-5838-8381-e675e36f2c50
"Courgette or zucchini, pulp and peel, frozen, at processing {FR} U",FR,layered,"Freezing vegetables and ready meals made from vegetables, industrial, 1kg of frozen product {FR} U",1,0.0,0.3029,0.8136,100.0,10.9002,10.0,,75643f85-aa60-5759-932a-891752b21e98_c2d80a0a-cc2a-5695-a221-a6dd3a085bc8
"Cream, light, 4 to 8% fat, liquid or thick, at plant {FR} U",FR,layered,"Cream, light, 4 to 8% fat, liquid or thick, from cow milk {FR}| yogurt production, from cow milk | Cut-off, U - Adapted from Ecoinvent U",1,0.0,0.2777,0.9699,100.0,4.9232,0.0,,0abd2c75-a21a-5cee-b558-df8bb35fcb40_1f118fee-6b4c-52e6-a94d-2d65c0d18d01
"Crevalle jack, fillet, raw, at processing {FR} U",FR,layered,"Crevalle jack, consumption mix {FR} U",1.67,40.12,0,0,100.0,0,0.0,,4abfa403-081e-5950-89c5-2206252e4c6e_0e4d1b9c-3073-58b7-b218-b7c39a41adb7
"Crevalle jack, residues, raw, at processing {FR} U",FR,layered,"Crevalle jack, consumption mix {FR} U",0.0,0.0,0,0,100.0,0,0.0,,a67316db-2afd-5b7d-b738-4d0713686eac_1d374a8c-15e1-5f3b-bd6e-1f46f397ecee
"Cucumber, peeled, at processing {FR} U",FR,layered,"Off-season cucumber, consumption mix {FR} U",1.1,9.09,0,0,100.0,0,10.0,,d4b8d4c9-5b55-53b1-8b45-029a7e33bb19_bddff496-f717-5067-91eb-c981ff0beae6
"Currant, peeled, at processing {FR} U",FR,layered,"Currant, consumption mix {FR} U",1.25,20.0,0,0,100.0,0,25.0,,540053b8-2e14-5078-b1ae-a474db7e84e3_302f1387-629c-59c1-a5fd-9da4ddc58830
"D-limonene, from frozen concentrated orange juice production, at processing {BR} U",BR,layered,"Orange, processing grade {BR}| orange production, processing grade | Cut-off, U - Adapted from Ecoinvent U",0.1111,0.0,0.0066,0.0754,100.0,0.1957,4.87,Water (0.04 kg),c65e5c29-d40c-53c0-ae69-8a238b032af5_bfd0922b-1bc2-50bf-9b7e-afb8f64396b2
"D-limonene, from frozen concentrated orange juice production, at processing {IL} U",IL,layered,"Orange, processing grade {RoW}| orange production, processing grade | Cut-off, U - Adapted from Ecoinvent U",0.1111,0.0,0.0066,0.0754,100.0,0.1957,4.87,Water (0.04 kg),3cebc56a-0977-5979-8757-e215d9ee9bb8_2ec9c56d-483b-554d-9519-cf83ebaf087e
"D-limonene, from frozen concentrated orange juice production, at processing {MX} U",MX,layered,"Orange, processing grade {RoW}| orange production, processing grade | Cut-off, U - Adapted from Ecoinvent U",0.1111,0.0,0.0066,0.0754,100.0,0.1957,4.87,Water (0.04 kg),bd6d7b94-58a7-5373-8c79-a5d26e2684b6_dfd7ea13-b6a5-5c26-8ccb-dd37f86fed40
"D-limonene, from frozen concentrated orange juice production, at processing {US} U",US,layered,"Orange, processing grade {US}| orange production, processing grade | Cut-off, U - Adapted from Ecoinvent U",0.1111,0.0,0.0066,0.0754,100.0,0.1957,4.87,Water (0.04 kg),75abf105-d8ed-5945-9023-5c49fbd79ef2_d102d762-b279-5c08-b096-5c781bfe8977
"D-limonene, from grapefruit juice production, at processing {US} U",US,layered,"Grapefruit for juice, conventional, at farm gate {US} U",0.0329,0.0,0.0007,0.0025,100.0,0.0237,0.93,,5f8b81d8-58fe-5e3f-baf5-f8950e51c3ba_fb8e821a-a9ae-5400-8232-14d9e55fd914
"D-limonene, from lemon juice production, at processing {IT} U",IT,layered,"Lemon, at farm {IT} U",0.0184,0.0,0.0003,0.0009,100.0,0.0118,0.93,,a4706c31-50c9-5d93-b095-db0b6a3d0151_87f5f59a-afb2-58f8-bc92-fc5b4a4eae57
"Dairy fat 20% fat, light, spreadable, unsalted, at dairy {FR} U",FR,wrapper_wfldb,"Cow milk, consumption mix {FR} U",3.4784,0.0,1.0435,0.0696,33.0,1.0435,0.0,,33dc4e32-6a31-574f-afec-fd7de106a1c8_82c2964e-73d1-531b-8583-64acc5848d14
"Dairy fat 25% fat, light, spreadable, unsalted, at dairy {FR} U",FR,wrapper_wfldb,"Cow milk, consumption mix {FR} U",3.9944,0.0,0.9587,0.0639,33.0,0.9587,0.0,,275bf277-b706-5ccc-a9f9-3ff086077efd_2e6e8c27-e484-5451-9b06-c839d9216038
"Dried defatted black soldier fly protein, at processing {FR} U",FR,direct,"Black soldier fly fresh larvae, at processing {FR} U",4.3056,76.77,1.0249,0.5485,100.0,0,0.0,"Water (2.99 kg); Heat, waste (0.0609 MJ)",32240da4-a000-5d63-93ff-eb1f70c9c644_471941b2-4908-59d3-bfaa-39d3441ca604
"Dry ham, case ready, at plant {FR} U",FR,layered,"Dry ham, sliced, at plant {FR} U",1,0.0,0,0,100.0,0,47.36,,3b99cab8-8214-5b20-b079-cbf0bc793ad4_5f273838-771a-5689-a895-20e0cd0350fd
"Dry maize  germ, glutamate by-product {CN} U",CN,direct,"Sulfur dioxide, liquid {RoW}| market for | Cut-off, S - Copied from Ecoinvent U",0.5741,0.0,98.3252,0,100.0,0,0.0,"Nitrogen oxides, CN (84.5 g); Coal tailings (39.5 kg); Corn dust (biomass) (18.6 ); Sulfur dioxide, CN (14.2 g); Coal ash (8.32 kg); BOD5 (Biological Oxygen Demand), CN (6.42 kg); Suspended solids, unspecified (5.17 kg); Slags (4.16 kg); Ammonia, as N (2.68 kg); Carbon dioxide (0.399 ton); Heat, waste (0.331 MJ)",32fe914c-0bf1-5e14-af48-7a215a32e132_e0846093-297e-5c29-9e4c-ce4c28e3893b
"Dry maize fiber, glutamate by-product {CN} U",CN,direct,"Sulfur dioxide, liquid {RoW}| market for | Cut-off, S - Copied from Ecoinvent U",0.2015,0.0,34.5084,0,100.0,0,0.0,"Nitrogen oxides, CN (29.7 g); Coal tailings (13.9 kg); Corn dust (biomass) (6.51 ); Sulfur dioxide, CN (4.97 g); Coal ash (2.92 kg); BOD5 (Biological Oxygen Demand), CN (2.25 kg); Suspended solids, unspecified (1.81 kg); Slags (1.46 kg); Ammonia, as N (0.94 kg); Carbon dioxide (0.14 ton); Heat, waste (0.116 MJ)",05b049fd-8051-526e-bd7e-8d634c0e08d5_b22b7027-f61c-510d-9abc-e614de5a3294
"Dry sausages, case ready, at plant {FR} U",FR,layered,"Dry sausages, pork meat, Dry sausages, industrial production, French production, at plant, 1 kg of dry sausages product (PDi) {FR} U",1,0.0,2.7682,0,100.0,37.858,0.0,,9fad7dfe-658b-5645-a7c4-30df7885cf3a_a92f1d2a-91ae-56b6-8ccf-5f4b1bfa0ed4
"Duck, cat. 1 and 2 materials and waste, at slaughterhouse, proxy {FR} U",FR,wrapper_wfldb,"Packaging film, low density polyethylene {GLO}| market for | Cut-off, S - Copied from Ecoinvent U",0.05,0.0,0.794,1.4,100.0,13.6,5.28,,b338f8af-a53b-5a4a-a82e-c1ea3cb77bf0_3fc9b585-e430-5218-9a3b-704175ba527d
"Duck, cat. 3 slaughter by-products, at slaughterhouse, proxy {FR} U",FR,wrapper_wfldb,"Packaging film, low density polyethylene {GLO}| market for | Cut-off, S - Copied from Ecoinvent U",0.05,0.0,0.794,1.4,100.0,13.6,5.28,,b31bee9e-f6b7-5bf3-b760-7a4a4a4bbd62_fd422828-8f3a-50d9-877f-272c546895a9
"Duck, feathers, at slaughterhouse, proxy {FR} U",FR,wrapper_wfldb,"Packaging film, low density polyethylene {GLO}| market for | Cut-off, S - Copied from Ecoinvent U",0.05,0.0,0.794,1.4,100.0,13.6,5.28,,47d26ac1-8f17-5a78-84f9-c39a8ef75156_d9d97baa-797f-57ff-9749-76d8f3c183fe
"Durum wheat, for canned ravioli filled with meat, in tomato sauce {FR} U",FR,layered,"Durum wheat grain, conventional, national average, at farm gate {FR} U",1,0.0,0.0385,0,100.0,0,0.0,,91576232-8af5-5078-acbf-4c843d5eb099_a8a9e81a-6eb6-53c3-a567-9b925c336baf
"Egg white, powder, at plant {FR} U",FR,layered,"Egg white, raw, at plant {FR} U",7.6,86.84,15.1793,0,100.0,0,0.0,,4525153e-58cd-5c66-9577-bccaa60b9179_1abfebff-940e-5828-b59e-aafb625b6e97
"Egg white, raw, at plant {FR} U",FR,layered,"Egg white, raw, at processing {FR} U",1,0.0,0,0,100.0,0,11.11,,f41edb7d-b988-5942-a25f-aab2b17a4474_3d415ae3-46df-52d3-b02d-38ff6a36e17a
"Egg white, raw, at processing {FR} U",FR,layered,"Chicken egg, raw, consumption mix {FR} U",66.67,98.5,0,0,100.0,0,666.7,,a24e5cac-c40d-588f-a9e2-0a402b2218cb_9c52e1df-a14d-554c-926c-0b230f1b2904
"Egg yolk, powder, at plant {FR} U",FR,layered,"Egg yolk, raw, at plant {FR} U",2.16,53.7,2.7235,0,100.0,0,0.0,,03c41c6c-3e3a-532c-8ec3-ea2a94577ba6_aebdf665-0c6b-5083-9bc7-d0e13ffe8cd7
"Egg yolk, raw, at plant {FR} U",FR,layered,"Egg yolk, raw, at processing {FR} U",1,0.0,0,0,100.0,0,11.11,,dcdce9a4-e1eb-5213-a9c5-94cb85b75653_c1f88ef4-ac22-550c-81b3-bb35a473b5ad
"Egg yolk, raw, at processing {FR} U",FR,layered,"Chicken egg, raw, consumption mix {FR} U",33.33,97.0,0,0,100.0,0,333.3,,f1c05df3-a32c-54af-b627-8822641f4c08_f5c3b3d8-ee64-58e5-94a0-9a399afb324c
"Egg, powder, at plant {FR} U",FR,layered,"Chicken egg, raw, without shell, at plant {FR} U",4.08,75.49,7.1196,0,100.0,0,45.33,,f161e4f5-747c-58ca-86b5-e089c616dc3c_d80c640d-aee9-5c83-885f-cb9cd05c5430
"Eggplant, peeled, at processing {FR} U",FR,layered,"In-season eggplant, consumption mix {FR} U",1.1,9.09,0,0,100.0,0,10.0,,773a2fc6-c646-5b7c-946f-0c2fb42e9dfc_2256d233-d759-5e87-a76a-8f68a9852e03
"Emmental cheese, from cow's milk, at plant {FR} U",FR,layered,"Emmental cheese, from cow's milk, consumption mix {FR} U",1,0.0,0,0,100.0,0,0.0,,2347f6d6-1560-57ee-aa77-0eb167726dec_2f0aa7b9-dabe-56b2-917e-5714c5d0576f
"Emmental, for bolognese-style pasta {FR} U",FR,layered,"Emmental cheese, cheese production, from cow's milk, hard cheese, French production mix, at plant, 1 kg of Emmental cheese (PGi) {FR} U",1,0.0,0,0,100.0,0,0.0,,80578b15-dbcd-5e4e-a089-a0e76e028034_9c544b4e-3fb9-595b-879b-d1a8bffe0994
"Endive, peeled, at processing {FR} U",FR,layered,"Endive, consumption mix {FR} U",1.25,20.0,0,0,100.0,0,25.0,,90d1359c-3075-524b-937d-c9534ca66100_c59e58af-8d00-548b-8ab5-60a760db4b02
"Escaroles, peeled, at processing {FR} U",FR,layered,"Escaroles, consumption mix {FR} U",1.67,40.12,0,0,100.0,0,66.7,,b15083cf-abb8-50b0-b2eb-55256553220d_b74f9bd5-0610-5426-b0e3-1290f11d0071
"Essential oils, from frozen concentrated orange juice production, at processing {BR} U",BR,layered,"Orange, processing grade {BR}| orange production, processing grade | Cut-off, U - Adapted from Ecoinvent U",0.2222,0.0,0.0133,0.1507,100.0,0.3914,9.75,Water (0.08 kg),6eed2de9-2b34-58dd-a21f-6b8a870796bd_4d2c943f-d98a-5a4e-a116-044f042b38cd
"Essential oils, from frozen concentrated orange juice production, at processing {IL} U",IL,layered,"Orange, processing grade {RoW}| orange production, processing grade | Cut-off, U - Adapted from Ecoinvent U",0.2222,0.0,0.0133,0.1507,100.0,0.3914,9.75,Water (0.08 kg),d5be713c-446f-5765-805a-b4c4358ba933_3b629b10-48d6-5629-a0b2-3c9306db837d
"Essential oils, from frozen concentrated orange juice production, at processing {MX} U",MX,layered,"Orange, processing grade {RoW}| orange production, processing grade | Cut-off, U - Adapted from Ecoinvent U",0.2222,0.0,0.0133,0.1507,100.0,0.3914,9.75,Water (0.08 kg),ceccbc70-33c8-5dec-babf-e1b103de7f66_4b0ca652-fbb0-59da-8fec-0d0d386d4a5f
"Essential oils, from frozen concentrated orange juice production, at processing {US} U",US,layered,"Orange, processing grade {US}| orange production, processing grade | Cut-off, U - Adapted from Ecoinvent U",0.2222,0.0,0.0133,0.1507,100.0,0.3914,9.75,Water (0.08 kg),7be82114-2e8c-5bf8-aef9-90a90c9ebe0a_4a3dfed7-29aa-5b0d-8094-f5c958938fd5
"Essential oils, from grapefruit juice production, at processing {US} U",US,layered,"Grapefruit for juice, conventional, at farm gate {US} U",0.0658,0.0,0.0013,0.005,100.0,0.0474,1.85,,a4b63dcd-1ba5-5eca-9222-3cc5ac28d4a5_ca717e58-d2c5-5fd4-b7ff-9899af24d2a6
"Essential oils, from lemon juice production, at processing {IT} U",IT,layered,"Lemon, at farm {IT} U",0.0394,0.0,0.0006,0.0018,100.0,0.0254,2.0,,b54a192c-e9ce-50cf-9af0-60cc588cb990_d1587559-c74f-536a-aa2d-b1f2466f6680
"European bass, fillet, raw, at processing {FR} U",FR,layered,"European bass, consumption mix {FR} U",2.27,55.95,0,0,100.0,0,0.0,,124fb920-79cd-5ddc-a39e-d62609232026_e4928a05-63c7-5632-a2f9-b0b12474b5ef
"European bass, residues, raw, at processing {FR} U",FR,layered,"European bass, consumption mix {FR} U",0.0,0.0,0,0,100.0,0,0.0,,cdbc552d-7bea-5372-a6fa-222993f89333_7e684b8f-1656-5737-89b3-99e3ba18cbbb
"European hake, fillet, raw, at processing {FR} U",FR,layered,"European hake, consumption mix {FR} U",2.5,60.0,0,0,100.0,0,0.0,,40c62c4a-abb1-592f-9bb6-5e4d13647f04_1b8714b6-15a7-52e4-964e-79e778bb39d0
"European hake, residues, raw, at processing {FR} U",FR,layered,"European hake, consumption mix {FR} U",0.0,0.0,0,0,100.0,0,0.0,,ddd649c0-49f8-53a6-a890-ea4839131d7a_9238e975-0d14-57ea-9f80-75ed28378eaa
"European perch, fillet, raw, at processing {FR} U",FR,layered,"European perch, consumption mix {FR} U",2,50.0,0,0,100.0,0,0.0,,9795afab-9ee0-592c-8517-4b535baea6e6_6f52a343-ec67-57e7-947b-f8d153861600
"European perch, residues, raw, at processing {FR} U",FR,layered,"European perch, consumption mix {FR} U",0.0,0.0,0,0,100.0,0,0.0,,5ef5ff32-a059-5cbd-a8b6-7cfacff92cf0_6c85c264-8f9d-5f43-9d49-945e31c50775
"European pilchard or sardine, at plant {FR} U",FR,layered,"European pilchard or sardine, for canned european pilchard or sardine {FR} U",1,0.0,0,0,100.0,0,0.0,,74563489-9b22-5f50-ab38-ebd8f6e181df_ed218cff-a8ae-51de-984e-e9eb17fd7f6b
"European pilchard or sardine, fillet, raw, at processing {FR} U",FR,layered,"European pilchard or sardine, consumption mix {FR} U",2,50.0,0,0,100.0,0,0.0,,38c16d47-1df9-5234-8292-38700abf1207_eea4b957-903f-5393-8af4-b77cb0c337cd
"European pilchard or sardine, residues, raw, at processing {FR} U",FR,layered,"European pilchard or sardine, consumption mix {FR} U",0.0,0.0,0,0,100.0,0,0.0,,4247b37e-5739-5af4-917d-5a0d179a7b2d_aa5a54fe-b6db-58d9-b3c0-dd3ea23b1689
"European plaice, fillet, raw, at processing {FR} U",FR,layered,"European plaice, consumption mix {FR} U",2.75,63.64,0,0,100.0,0,0.0,,6e17aabc-c348-5034-a840-a69cb48bb852_b8bd1550-c8e5-548a-ada2-a5555ed7e1f1
"European plaice, residues, raw, at processing {FR} U",FR,layered,"European plaice, consumption mix {FR} U",0.0,0.0,0,0,100.0,0,0.0,,37dc509a-e162-54e2-9b44-caf0aae6b65d_acdd52a0-465c-55e2-a727-b2dc11704ed2
"European sprat, fillet, raw, at processing {FR} U",FR,layered,"European sprat, consumption mix {FR} U",2,50.0,0,0,100.0,0,0.0,,5c923ac4-164e-580a-a903-c8b3d7414ae4_8c088a07-de0a-5a9e-b4d7-066c3c67bdb0
"European sprat, residues, raw, at processing {FR} U",FR,layered,"European sprat, consumption mix {FR} U",0.0,0.0,0,0,100.0,0,0.0,,cc2d6b78-9aab-5e16-940d-fb4d3abe0684_0ef44886-089b-52a9-932d-e4bba15f234f
"Farmed salmon, gutted, at plant {NO} U",NO,layered,"Farmed salmon, conventional, head on, gutted {NO} U",1,0.0,0.128,0,100.0,0,1.83,,ec05643a-2817-5282-a24b-44fb6cae6b4d_a8d155a2-cb90-594c-9512-72ac255fabc9
"Fattened duck fat, raw, at plant {FR} U",FR,layered,"Fattened duck, fat, for processing, at slaughterhouse gate {FR} U",1,0.0,0,0,100.0,0,0.0,,d0d760b1-914a-5661-acde-fce63ffa4d2d_90e727b4-4234-5f03-a392-392533fcabf7
"Fattened duck legs, for duck confit, fresh {FR} U",FR,layered,"Fattened duck legs, raw, at plant {FR} U",1,0.0,0,0,100.0,0,0.0,,8485005b-afb8-55aa-ba58-1418909223b3_fb281dbb-212b-53dc-b5df-9edd01d1ad94
"Fattened duck legs, for duck confit, frozen {FR} U",FR,layered,"Fattened duck legs, for duck confit, fresh {FR} U",1,0.0,0,0,100.0,0,0.0,,ad32968e-df5b-513b-9d83-7dfe0ee189d6_4a69c6a0-67e8-59e2-95d7-b3e5c8a6f686
"Fattened duck legs, raw, at plant {FR} U",FR,layered,"Fattened duck, legs, for processing, at slaughterhouse gate {FR} U",1,0.0,0,0,100.0,0,0.0,,197c811f-8760-54ec-bcbf-76d7e10602fb_7683d7ba-8e94-5fae-b11e-2215ad0366e7
"Fattened duck liver, for block duck foie gras, fresh {FR} U",FR,layered,"Fattened duck liver, raw, at plant {FR} U",1,0.0,0,0,100.0,0,0.0,,6141bccd-3e15-57da-8099-048d46794744_548fb03c-90e6-528b-a1b8-c9df8f27bae1
"Fattened duck liver, for block duck foie gras, frozen {FR} U",FR,layered,"Fattened duck liver, for block duck foie gras, fresh {FR} U",1,0.0,0,0,100.0,0,0.0,,3ab2ae69-e200-59bd-8498-ada31f5f8709_db8999d0-1400-5672-86ca-d6899b9bbda3
"Fattened duck liver, for whole duck foie gras, fresh {FR} U",FR,layered,"Fattened duck liver, raw, at plant {FR} U",1,0.0,0,0,100.0,0,0.0,,aa7b138c-f0c7-5d90-bc81-9708a5a616b9_c4778929-c347-5ad7-8055-6002796a829d
"Fattened duck liver, for whole duck foie gras, frozen {FR} U",FR,layered,"Fattened duck liver, for whole duck foie gras, fresh {FR} U",1,0.0,0,0,100.0,0,0.0,,3f219414-b0db-5a9c-9e0e-3a5aa8166a05_d6410b71-4ac5-5d75-857f-5e6d2347941f
"Fattened duck liver, raw, at plant {FR} U",FR,layered,"Fattened duck, liver, for processing, at slaughterhouse gate {FR} U",1,0.0,0,0,100.0,0,0.0,,666538b3-3a8f-5084-b6e3-5f32f22f0c27_5867b5b1-5c1a-5f34-b400-1d4b96dfe607
"Fattened duck magret, for smoked duck magret, sliced, fresh {FR} U",FR,layered,"Fattened duck magret, raw, at plant {FR} U",1,0.0,0,0,100.0,0,0.0,,f932de2d-22e3-516c-9233-0cb9b4d16a7d_13a18b71-9317-5983-bb48-81d56ad9a26b
"Fattened duck magret, for smoked duck magret, sliced, frozen {FR} U",FR,layered,"Fattened duck magret, for smoked duck magret, sliced, fresh {FR} U",1,0.0,0,0,100.0,0,0.0,,2008feb8-7aa8-5d8e-acee-86875a9105ab_d6ba815e-678e-513d-92c5-07d186c09a66
"Fattened duck magret, raw, at plant {FR} U",FR,layered,"Fattened duck, magret, for processing, at slaughterhouse gate {FR} U",1,0.0,0,0,100.0,0,0.0,,ab947d99-e4cc-57b8-8bba-267befb299a0_7153fdd0-e8fe-504b-bc9a-232805f47d0a
"Fattened duck wings, raw, at plant {FR} U",FR,layered,"Fattened duck, wings, for processing, at slaughterhouse gate {FR} U",1,0.0,0,0,100.0,0,0.0,,3a6e37f6-380b-56cc-805a-2a63d1ef29c3_87050c9e-c30a-5bcd-be23-78236c1d7fc1
"Fattened duck, aiguillettes, for processing, at slaughterhouse gate {FR} U",FR,layered,"Live fattened duck, consumption mix {FR} U",0.0255,0.0,0.0902,0.2465,100.0,1.595,0.0,,afff787a-fd23-5a62-9ec4-710fb4bb4d95_e5169564-c178-52d2-b685-c343b9d60824
"Fattened duck, blood, for processing, at slaughterhouse gate {FR} U",FR,layered,"Live fattened duck, consumption mix {FR} U",0.0,0.0,0,0,100.0,0,0.0,,38e6c1ce-64f9-5110-9b8b-89dc90b21d07_3b19fd4d-4cdb-5fca-931f-e7827be92c48
"Fattened duck, carcass neck or head, for processing, at slaughterhouse gate {FR} U",FR,layered,"Live fattened duck, consumption mix {FR} U",0.0277,0.0,0.0981,0.268,100.0,1.7342,0.0,,38f6b1cb-636b-593e-900d-be8423ddc518_c4599534-97ae-5dfb-aa1e-d678f83ed370
"Fattened duck, fat, for processing, at slaughterhouse gate {FR} U",FR,layered,"Live fattened duck, consumption mix {FR} U",0.0038,0.0,0.0136,0.0372,100.0,0.2405,0.0,,1a4f4d7f-ad61-5f85-82ba-5acdb478be27_3899840d-1770-5897-83db-8fab876590ee
"Fattened duck, feathers, for processing, at slaughterhouse gate {FR} U",FR,layered,"Live fattened duck, consumption mix {FR} U",0.0005,0.0,0.0018,0.0049,100.0,0.0316,0.0,,99e98c69-143e-581b-a64f-1a2262e1085d_f5d13412-0b7e-5938-9c97-6b698e2e924d
"Fattened duck, feet, for processing, at slaughterhouse gate {FR} U",FR,layered,"Live fattened duck, consumption mix {FR} U",0.0024,0.0,0.0086,0.0235,100.0,0.1519,0.0,,3fa142d2-9f3d-53b3-ba93-21135c694d39_0ae3458f-75ce-56f2-87d2-fa5af8b10eb7
"Fattened duck, finery, for processing, at slaughterhouse gate {FR} U",FR,layered,"Live fattened duck, consumption mix {FR} U",0.0033,0.0,0.0118,0.0323,100.0,0.2089,0.0,,1003df3b-3f43-5df4-a568-59e773cfe3d4_d074e22f-7eec-5d84-82d4-c33a7b8a11d9
"Fattened duck, fins, for processing, at slaughterhouse gate {FR} U",FR,layered,"Live fattened duck, consumption mix {FR} U",0.0035,0.0,0.0125,0.0342,100.0,0.2215,0.0,,c3c57a0c-3952-5f38-9d7c-ebb6bf2d0467_ad9a7962-5846-5ce1-9ea1-e18201aa7fbe
"Fattened duck, gizzards, for processing, at slaughterhouse gate {FR} U",FR,layered,"Live fattened duck, consumption mix {FR} U",0.0056,0.0,0.0197,0.0538,100.0,0.3481,0.0,,359254e6-9d34-5e9b-a6da-3b639bd02127_af75aff9-430f-55b1-ab51-84dce3135e4f
"Fattened duck, heart, for processing, at slaughterhouse gate {FR} U",FR,layered,"Live fattened duck, consumption mix {FR} U",0.0024,0.0,0.0086,0.0235,100.0,0.1519,0.0,,ba58d281-c32a-5c14-a8b0-b79a875b7e7c_a71ee6a5-bd2b-526a-8066-f0bc1349a177
"Fattened duck, legs, for processing, at slaughterhouse gate {FR} U",FR,layered,"Live fattened duck, consumption mix {FR} U",0.0969,0.0,0.3429,0.937,100.0,6.0634,0.0,,a314d0a3-14f2-5cfd-b29e-4c3da62a5dfa_023217e1-b049-5e7b-9740-99dabe2eeb0b
"Fattened duck, liver, for processing, at slaughterhouse gate {FR} U",FR,layered,"Live fattened duck, consumption mix {FR} U",0.4961,0.0,1.7564,4.7994,100.0,31.0574,0.0,,9cdaa781-6db1-53e4-8286-23e3a4d18151_7a232f3b-3d92-5d61-9495-a648e30da1cd
"Fattened duck, magret, for processing, at slaughterhouse gate {FR} U",FR,layered,"Live fattened duck, consumption mix {FR} U",0.3287,0.0,1.1636,3.1797,100.0,20.5762,0.0,,d5817d64-3a5e-5c7c-be11-9158d89c9b3e_022bd953-dec6-5f83-b02d-0de5f7cee7a0
"Fattened duck, meat, for processing, at plant {FR} U",FR,layered,"Fattened duck legs, raw, at plant {FR} U",0.5,0.0,0,0,100.0,0,0.0,,0bebdb96-8eb0-5688-a10e-0b5b4597e108_ec7d99dc-7fcc-5c97-ad66-a4869e269630
"Fattened duck, rump, for processing, at slaughterhouse gate {FR} U",FR,layered,"Live fattened duck, consumption mix {FR} U",0.0036,0.0,0.0129,0.0352,100.0,0.2279,0.0,,b2e03d3c-539c-5358-b2fa-53e14946ea0e_8d6b104c-0ae8-5685-857d-572a1b2dd1d9
"Fattened duck, viscera, for processing, at slaughterhouse gate {FR} U",FR,layered,"Live fattened duck, consumption mix {FR} U",0.0074,0.0,0.0261,0.0714,100.0,0.462,0.0,,ba791b0b-a263-50c7-8521-869076b62834_4e4c678a-55f4-5a0d-9d52-ff769cc04814
"Fattened duck, wings, for processing, at slaughterhouse gate {FR} U",FR,layered,"Live fattened duck, consumption mix {FR} U",0.0035,0.0,0.0125,0.0342,100.0,0.2215,0.0,,8c56d5b9-6e74-5323-b1cc-798b84a8f4f0_756be6bd-3407-5b44-8f05-890e9f4cee0c
"Fennel, peeled, at processing {FR} U",FR,layered,"Fennel, consumption mix {FR} U",1.25,20.0,0,0,100.0,0,25.0,,904ebbb5-a20b-58d4-b5c0-2af4e0f641a2_3c02ef17-b921-58df-9d29-d7342a3de734
"Filter cake, agave, at plant {MX} U",MX,layered,"Agave tequilana, consumption mix {MX} U",0.2,0.0,0.0075,0.0003,100.0,0,0.8,,53f20528-af2f-5fc4-b6de-6721bbf74243_31de5870-4466-5a80-88c7-2cf8b7d3e3de
"Flageolet bean, canned {FR} U",FR,direct,"Canning vegetables, industrial, 1kg of canned product {FR} U",1,0.0,0,0,100.0,0.3302,0.0,,6346b86c-d0e3-5fa5-ae64-bc2e24653626_f468c4c7-e38a-5705-a26f-8541f6295a8a
"Flageolet bean, frozen, at processing {FR} U",FR,layered,"Flageolet bean, consumption mix {FR} U",1,0.0,0.287,0.8136,100.0,10.9002,0.0,,2a472947-df0f-5fba-a6ad-0bee3ce2f5e3_408b3a41-c0a7-5ad7-9f53-88cb01940314
"French bean, canned {FR} U",FR,direct,"Canning vegetables, industrial, 1kg of canned product {FR} U",1,0.0,0,0,100.0,0.41,0.0,,1fea5e4d-f4fb-5c18-9fa9-aa0b1160e803_01302a01-3169-5d0e-a115-306132b04de2
"French bean, for canned and frozen products, trimmed, at processing {FR} U",FR,layered,"French bean, for canned and frozen products, consumption mix {FR} U",1.25,20.0,0,0,100.0,0,25.0,,accfd7a2-a9f4-585a-8bc7-5a7ff77c6265_dc747b1f-73e9-5200-bb94-929db974d52f
"French bean, frozen, at processing {FR} U",FR,layered,"Freezing vegetables and ready meals made from vegetables, industrial, 1kg of frozen product {FR} U",1,0.0,0.2902,0.8136,100.0,10.9002,25.0,,1d4a6402-0b47-517a-85e5-28bd5d8c3dcb_a399dec9-a506-57bd-a9fd-02f70a4df902
"French bean, peeled, at processing {FR} U",FR,layered,"French bean, consumption mix {FR} U",1.1,9.09,0,0,100.0,0,10.0,,0d9b6024-ccef-5f47-9de0-76b346b41076_83f284dd-89ef-58b0-8d43-60b26f54e279
"French fries or chips, frozen, at processing {FR} U",FR,layered,"Freezing vegetables and ready meals made from vegetables, industrial, 1kg of frozen product {FR} U",1,0.0,0.2904,0.8136,100.0,10.9002,3.09,,8697668a-56b0-56bf-ad28-62bb6ad28020_12da8ff5-be98-5db0-88aa-c33a74d14f76
"French fries, raw, at processing {FR} U",FR,layered,"Potato, consumption mix {FR} U",1.03,2.91,0,0,100.0,0,3.09,,e15cb0e1-5666-5027-b518-9275a97a4086_eb1f2c3c-b8e8-50df-9754-d65c303c24d4
"Fresh cream cheese, plain, creamy, around 8% fat, at plant {FR} U",FR,layered,"Fresh cream cheese, plain, creamy, around 8% fat, from cow milk {FR}| yogurt production, from cow milk | Cut-off, U - Adapted from Ecoinvent U",1,0.0,0.2791,0.9699,100.0,5.64,0.0,,ffd50b32-5a57-53ee-93de-dd5c41a4c7f9_8b550f04-2363-5031-94f0-07bcbf78edf2
"Fresh cream cheese, plain, fat free, at plant {FR} U",FR,layered,"Fresh cream cheese, plain, fat free, from cow milk {FR}| yogurt production, from cow milk | Cut-off, U - Adapted from Ecoinvent U",1,0.0,0.264,0.9699,100.0,3.6405,0.0,,eb3fb6ea-0def-5c31-8580-8cd6e1a19338_830d9889-2ab8-5d06-87b0-61db30556918
"Fresh ground beef production, industrial production, French production mix, at plant, 1 kg of fresh ground beef, for processing (PDi) {FR} U","Europe, Western",layered,"Quarter storage, of beef quarter, for fresh ground beef processing, industrial production, French production mix, at plant, 1 kg of beef quarter (POUi) {FR} U",1.5335,34.79,1.4951,0,100.0,65.4709,0.0,,b2385723-c4ee-50fe-9255-b2b255bf94e8_cddf5c2d-c1d4-529f-a81b-b7be994885bb
"Fresh ground veal production, industrial production, French production mix, at plant, 1 kg of fresh ground veal (PDi) {FR} U","Europe, Western",layered,"Quarter storage, of beef quarter, for fresh ground beef processing, industrial production, French production mix, at plant, 1 kg of beef quarter (POUi) {FR} U",1.5335,34.79,2.2062,0,100.0,97.0214,0.0,,9c5d466b-52df-557e-b35a-df962c95f33c_6badffcc-ff8a-5118-abcb-8412893eca7d
"Fresh sausages, case ready, at plant {FR} U",FR,layered,"Fresh sausages case ready, Pork meat and ingredients, Fresh sausages case ready, industrial production, French production, at plant, 1 kg of fresh sausage case ready (PDi) {FR} U",1,0.0,1.1722,0,100.0,22.8905,0.0,,e1337474-3503-53c0-a780-a29fc76b204b_9edb54ec-483c-5437-8628-2bfd9243819e
"Freshwater bream, fillet, raw, at processing {FR} U",FR,layered,"Freshwater bream, consumption mix {FR} U",2.27,55.95,0,0,100.0,0,0.0,,5a4ad4c1-f943-5bb1-a4c4-8f998a6625ec_b7958ec4-0217-5879-ab51-1dd97b63d802
"Freshwater bream, residues, raw, at processing {FR} U",FR,layered,"Freshwater bream, consumption mix {FR} U",0.0,0.0,0,0,100.0,0,0.0,,7e1c2fc9-4819-5c40-bb94-fc2d1bc82d28_07b61cd2-5a7f-53ee-8507-a32d82c6473a
"Frozen apricot puree, at plant {FR} U",FR,layered,"Frozen apricot puree, at processing {FR} U",1,0.0,0,0,100.0,0,34.82,,d31ce352-309f-580a-bc4a-a526c08901b8_51bf372c-57cd-59c4-815c-307850cb792f
"Frozen apricot puree, at processing {FR} U",FR,layered,"Apricot, conventional, national average, at orchard {FR} U",1.7113,41.56,0.22,0.1156,100.0,1.1865,34.82,,39166707-d108-50a4-b136-d6e113bc356d_996b8c12-ad5a-573f-96df-b35d32bb5106
"Frozen banana puree, at plant {CI} U",CI,layered,"Frozen banana puree, at processing {CI} U",1,0.0,0,0,100.0,0,53.45,,2cb28d76-638e-5938-9ef2-768449855675_2fa85ef9-fc69-53e6-86e7-1927a0edff0a
"Frozen banana puree, at plant {FR} U",FR,layered,"Frozen banana puree, consumption mix {FR} U",1,0.0,0.0121,0,100.0,0.0705,0.0,,ef7927a0-d75a-5c90-9d17-c3860cb17ca7_97721a92-caa1-5e30-8c99-6d42736e7d46
"Frozen banana puree, at processing {CI} U",CI,layered,"Banana, at farm {CI} U",1.711,41.55,0.2105,0.1255,100.0,1.2404,53.45,,2081f0d9-766b-505c-9389-3b4df532737e_330127b8-8d8d-558a-b179-a20fe06f111d
"Frozen banana puree, at processing {CM} U",CM,layered,"Banana, at farm {CM} U",1.711,41.55,0.2105,0.1255,100.0,1.2404,53.45,,06322bd4-42d4-516d-bf8a-a9c3f954d489_75354cc5-d1ed-59ae-a72e-aeb8dd65f948
"Frozen banana puree, at processing {CO} U",CO,layered,"Banana {CO}| banana production | Cut-off, U - Adapted from Ecoinvent U",1.711,41.55,0.2105,0.1255,100.0,1.2194,53.45,,f9fb814a-91ee-5091-ada6-ea6793848777_df45a2d4-08e7-5bbf-ba04-c4c3ada51536
"Frozen banana puree, at processing {EC} U",EC,layered,"Banana {EC}| banana production | Cut-off, U - Adapted from Ecoinvent U",1.711,41.55,0.211,0.1255,100.0,1.2194,53.45,,17ec3014-1828-5008-a1d7-7ae9f68c1e9d_720f1b7b-6459-5cc8-ab51-3b00064efbcc
"Frozen carrot, production, 1kg of frozen vegetable {FR} U",FR,layered,"Carrot, consumption mix {FR} U",1.25,20.0,0.29,0.8136,100.0,10.9002,0.0,,f92d1ea1-e619-5737-ae0a-8a0e1d555b92_b943d54c-b4ec-5cb5-a771-1edf6169b6aa
"Frozen concentrated apple juice, at plant {FR} U",FR,layered,"Frozen concentrated apple juice, at processing {FR} U",1,0.0,0,0,100.0,0,149.57,,ded4f186-7808-51a9-82b7-4f0f601f2e34_d8eaffb5-c16d-51c6-8755-86b8a43b1d90
"Frozen concentrated apple juice, at processing {FR} U",FR,layered,"Cider apple, conventional, national average, at orchard {FR} U",8.7473,88.57,0.6749,8.3781,100.0,19.9452,149.57,Water (4.46 kg),53a32c7c-a5bd-50da-b392-8fabe36f5490_6ed2ed3c-9101-5336-a630-bbf7f5c9783a
"Frozen concentrated banana puree, at processing {CI} U",CI,layered,"Banana, at farm {CI} U",2.7049,63.03,0.2486,1.1996,100.0,3.7326,84.5,Water (0.581 kg),d87e3f3b-4335-5927-8ba9-ff85ce20eed5_06876d39-f8a1-555f-ba09-a004abb311a8
"Frozen concentrated banana puree, at processing {CM} U",CM,layered,"Banana, at farm {CM} U",2.7049,63.03,0.2486,1.1996,100.0,3.7326,84.5,Water (0.581 kg),6477ef88-837e-5ba0-80ce-3bf22e819e77_d782be28-0219-5633-9547-c3a0536f3e1c
"Frozen concentrated banana puree, at processing {CO} U",CO,layered,"Banana {CO}| banana production | Cut-off, U - Adapted from Ecoinvent U",2.7049,63.03,0.2486,1.1996,100.0,3.6994,84.5,Water (0.581 kg),52e7b59d-f1e2-5baf-bf81-8f18ab1e0010_0dbe1767-e82c-5106-b393-d532bd0975af
"Frozen concentrated banana puree, at processing {EC} U",EC,layered,"Banana {EC}| banana production | Cut-off, U - Adapted from Ecoinvent U",2.7049,63.03,0.2494,1.1996,100.0,3.6994,84.5,Water (0.581 kg),960acea6-3b81-53c4-a44f-ecd45af96da0_ac1939bf-f514-53c8-aba1-dfb05d37f14a
"Frozen concentrated carrot puree, at processing {FR} U",FR,layered,"Carrot, conventional, national average, at farm gate {FR} U",5.3056,81.15,0.3712,4.7278,100.0,11.5128,53.06,Water (2.48 kg),54de7c80-601b-5981-a89c-b961ddb75a2b_c382175c-9c9c-5a99-ad9e-ca9138af5e7a
"Frozen concentrated grape juice, at processing {FR} U",FR,layered,"Grape, at plant {FR} U",5.508,81.84,0.5971,6.3296,100.0,14.5673,0.0,Water (2.97 kg),374e5da3-cc31-512d-82a8-1dbb4e012930_132b8dfd-fc2a-5e5b-90b0-2fb8095c3461
"Frozen concentrated grape juice, at processing {IT} U",IT,wrapper_wfldb,"Carbon dioxide, in air",5464.8625,99.98,0,0,100.0,0,0.0,Water (2.97 kg),0cdd34d6-0b79-57db-b066-f20c2969a77a_116fa9b6-5eda-5582-afb3-5c4d1882c90f
"Frozen concentrated mango puree, at plant {BR} U",BR,layered,"Frozen concentrated mango puree, at processing {BR} U",1,0.0,0,0,100.0,0,125.76,,5882e756-50d4-5f8b-b31c-63a3e89c168f_6002592e-26aa-58de-a50e-addaadca2461
"Frozen concentrated mango puree, at plant {PE} U",PE,layered,"Frozen concentrated mango puree, at processing {PE} U",1,0.0,1.2715,0,100.0,0,125.76,,b5975a07-f2f0-5389-96f7-c442c1c1ab04_25a1abe7-e661-5bad-a991-b8bc987c5480
"Frozen concentrated mango puree, at processing {BR} U",BR,layered,"Mango {BR}| mango production | Cut-off, U - Copied from Ecoinvent U",3.5056,71.47,0.2613,1.0865,100.0,3.8753,125.76,Water (0.52 kg),99a369ba-183f-5659-b556-803cde16f249_fcac0290-fef4-5329-a329-de1384479149
"Frozen concentrated mango puree, at processing {CI} U",CI,layered,"Mango, conventional, at farm gate {CI} U",3.5056,71.47,0.2614,1.0865,100.0,3.8753,125.76,Water (0.52 kg),da188a5e-a11d-54c8-afb1-7112bc49708f_2ecd4306-7168-5bdc-9f91-3b2df34a291c
"Frozen concentrated mango puree, at processing {PE} U",PE,direct,"Mango, conventional, at farm gate {PE} U",3.5056,71.47,0.971,0,100.0,0,125.76,Water (0.52 kg),1c3de052-0775-5b2b-ae8a-66492eff1acf_680e0f3f-ca43-5179-b2ac-c0530be6a2c5
"Frozen concentrated orange juice, at plant {BR} U",BR,layered,"Frozen concentrated orange juice, at processing {BR} U",1,0.0,0,0,100.0,0,414.17,,1c941987-331c-5296-8259-2a202efca4bd_514d54c8-025c-5add-b991-a2ab969baec3
"Frozen concentrated orange juice, at processing {BR} U",BR,layered,"Orange, processing grade {BR}| orange production, processing grade | Cut-off, U - Adapted from Ecoinvent U",9.4444,89.41,0.5635,6.4056,100.0,16.6353,414.17,Water (3.4 kg),580c5416-1c44-578a-b7c3-0f786c4fdca5_ee4327cd-abf6-5fae-a8ac-914bf40d7f76
"Frozen concentrated orange juice, at processing {IL} U",IL,layered,"Orange, processing grade {RoW}| orange production, processing grade | Cut-off, U - Adapted from Ecoinvent U",9.4444,89.41,0.5635,6.4056,100.0,16.6353,414.17,Water (3.4 kg),9912d594-e229-58b6-96b0-d1a618ae8250_a4e011c8-2943-5894-9b34-9ed1f0350631
"Frozen concentrated orange juice, at processing {MX} U",MX,layered,"Orange, processing grade {RoW}| orange production, processing grade | Cut-off, U - Adapted from Ecoinvent U",9.4444,89.41,0.5635,6.4056,100.0,16.6353,414.17,Water (3.4 kg),9b8e68c1-8e3e-511a-906b-93ec289edd44_c795849f-df0d-52c0-81e1-6f89b33ad82d
"Frozen concentrated orange juice, at processing {US} U",US,layered,"Orange, processing grade {US}| orange production, processing grade | Cut-off, U - Adapted from Ecoinvent U",9.4444,89.41,0.5639,6.4056,100.0,16.6353,414.17,Water (3.4 kg),676dc1be-bce9-5acd-9f82-7c2d06e2414b_94ace25e-7458-5e8b-b0d0-57bf29685a88
"Frozen concentrated pineapple juice, at plant {CR} U",CR,layered,"Frozen concentrated pineapple juice, at processing {CR} U",1,0.0,0,0,100.0,0,113.46,,683fe6cf-0130-5e63-a228-a84781bebef6_9085d455-9a32-550d-9cd2-7c07eee85bfd
"Frozen concentrated pineapple juice, at processing {CR} U",CR,wrapper_wfldb,"Carbon dioxide, in air",13696.3433,99.99,0,0,100.0,0,0.0,Water (2.66 kg),5a94738e-ce5b-57c4-9050-c439c57a5829_4be65415-da62-5856-9e5d-20faf01cf6a6
"Frozen concentrated pineapple juice, at processing {KE} U",KE,layered,"Pineapple, at farm {KE} U",6.6774,85.02,0.5439,5.0429,100.0,12.7818,113.46,Water (2.66 kg),161c408c-5f08-5bc3-800a-bff044bf50f9_f2d214a6-33c3-5dbe-85b4-d95829e8de11
"Frozen concentrated pineapple juice, at processing {TH} U",TH,layered,"Pineapple, at farm {TH} U",6.6774,85.02,0.5439,5.0429,100.0,12.7818,113.46,Water (2.66 kg),9d064e69-423f-5c40-9c4c-d889e2f23cc0_45929cea-0a40-57b8-8e05-5cb17315fc98
"Frozen lemon juice, production, 1kg of frozen fruit {FR} U",FR,layered,"Lemon juice, pure juice, consumption mix {FR} U",1.25,20.0,0.287,0.8136,100.0,10.9002,0.0,,c299e12c-e4af-5fe1-a536-00d38a42f6fb_f75509ef-238b-5e82-8404-b9678141a7e5
"Frozen mango puree, at plant {BR} U",BR,layered,"Frozen mango puree, at processing {BR} U",1,0.0,0,0,100.0,0,82.76,,6147fc5f-4cf9-5ecb-8d99-cb1b9b616d90_330e4034-23d5-5fa3-a1f9-780877a78f49
"Frozen mango puree, at plant {FR} U",FR,layered,"Frozen mango puree, consumption mix {FR} U",1,0.0,0.0165,0,100.0,0.0957,0.0,,68182725-44b6-53ad-8843-2c90ce2fdb8a_c9edc107-3aab-5a99-a64a-57986629ead1
"Frozen mango puree, at plant {PE} U",PE,layered,"Frozen mango puree, at processing {PE} U",1,0.0,0,0,100.0,0,82.76,,857e4bc0-102b-5c4c-a6f0-3fd68095f049_1efc5cd4-bc0f-5cda-bf6f-5d7be2d43730
"Frozen mango puree, at processing {BR} U",BR,layered,"Mango {BR}| mango production | Cut-off, U - Copied from Ecoinvent U",2.3069,56.65,0.2216,0.1251,100.0,1.5064,82.76,,80d053ce-d607-5119-911b-12358f6f8cf6_112e105e-6f9e-5598-be6b-558706d2a3b3
"Frozen mango puree, at processing {CI} U",CI,layered,"Mango, conventional, at farm gate {CI} U",2.3069,56.65,0.2216,0.1251,100.0,1.5064,82.76,,e6dc71bc-6035-50c3-90a9-0d110c19331c_768305f3-4ae2-5bed-8c81-9e4a51c15299
"Frozen mango puree, at processing {PE} U",PE,layered,"Mango, conventional, at farm gate {PE} U",2.3069,56.65,0.2216,0.1251,100.0,1.5064,82.76,,5ae13be0-fb56-5b4b-92e9-ad1163e64cc0_e12f8274-c21b-567f-a95c-6bf76ca8fe23
"Frozen onion, production, 1kg of frozen vegetable {FR} U",FR,layered,"Chive or spring onion, fresh, consumption mix {FR} U",1.25,20.0,0.2901,0.8136,100.0,10.9002,0.0,,e280c6c5-0b72-5687-a403-793c238a1e81_344caf92-6cca-57ff-9365-0ee902b08905
"Frozen peach puree, at plant {ES} U",ES,layered,"Frozen peach puree, at processing {ES} U",1,0.0,0,0,100.0,0,76.88,,336e61f1-cfe0-5520-bd5e-ca21df555abb_c204677d-cfc0-582d-9a8d-a668a9d43624
"Frozen peach puree, at plant {FR} U",FR,layered,"Frozen peach puree, at processing {FR} U",1,0.0,0,0,100.0,0,76.88,,6c5d86f3-85c4-5a71-950a-48a31ead0712_a28cc8dd-3b2a-5c8b-a913-95363811dc24
"Frozen peach puree, at processing {ES} U",ES,wrapper_wfldb,"Carbon dioxide, in air",5181.7,99.98,0,0,100.0,0,0.0,,cedfb23e-e90c-5093-b073-29dbf4184ca6_567ba7bb-9e88-5914-893c-887024ea230b
"Frozen peach puree, at processing {FR} U",FR,layered,"Peach, conventional, national average, at orchard {FR} U",1.8727,46.6,0.2542,0.1266,100.0,1.2984,76.88,,e9c34663-5733-5e3d-a66c-359dd7b0c582_5e4a97f6-c428-50dd-9c2a-8c9d3e1fbed0
"Frozen pear puree, at processing {BE} U",BE,wrapper_wfldb,"Carbon dioxide, in air",14340,99.99,0,0,100.0,0,0.0,,8b0fd6f3-0bd6-5eb1-9f78-7d1ebc4d6e33_5ab96dd3-a7d4-5a85-b2dd-0c0a6eb3a307
"Frozen pear puree, at processing {FR} U",FR,layered,"Pear, conventional, national average, at orchard {FR} U",1.6912,40.87,0.2217,0.1283,100.0,1.2163,69.12,,4fa764a6-359c-58cd-8091-da39975422d6_28dffdc8-9aea-592d-9576-e13e5e2f9813
"Frozen pear puree, at processing {NL} U",NL,layered,"Pear, at farm {NL} U",1.6912,40.87,0.2067,0.1275,100.0,1.2163,69.12,,cbc8a866-ad4f-5423-82a5-a7d7237c416d_06502862-9150-5bb9-a6e8-8af3746902dd
"Frozen raspberry puree, at plant {FR} U",FR,layered,"Frozen raspberry puree, consumption mix {FR} U",1,0.0,0.0095,0,100.0,0.0554,0.0,,0ba4edd6-9809-5f8d-a405-8299ca8a62c7_9d61e039-c9e3-5c6f-bdaf-d3d8f13c99cb
"Frozen raspberry puree, at processing {RS} U",RS,wrapper_wfldb,"Solid manure loading and spreading, by hydraulic loader and spreader {GLO}| market for | Cut-off, S - Copied from Ecoinvent U",20000,100.0,0,0,100.0,0,0.0,,efc98221-4fe8-57d5-a3e6-5db1dd2f6387_72274cec-f1b7-5abd-aa4f-a7b26a5280d8
"Frying oil, processed in FR at plant {FR} U",FR,layered,"[Dummy] Mixing, processing, at plant {FR} U",1,0.0,0,0,80.0,0,0.0,,8cb6ae59-035d-59d9-98e5-9531a98114e1_6e7c1121-cd50-5f2a-9b5c-3e5f376e1f25
"Garden cress, peeled, at processing {FR} U",FR,layered,"Garden cress, consumption mix {FR} U",1.67,40.12,0,0,100.0,0,66.7,,755da314-7645-5b28-adc7-954ff82b6b9b_e814311b-2452-55dc-895e-e03d00c3800e
"Garden peas, canned {FR} U",FR,direct,"Canning vegetables, industrial, 1kg of canned product {FR} U",1,0.0,0,0,100.0,0.31,9.8,,9d2d2945-91a6-5da9-a504-5ed6d2b28aad_b34745ea-a943-5cfa-a794-895d403109dc
"Garden peas, frozen, at processing {FR} U",FR,layered,"Freezing vegetables and ready meals made from vegetables, industrial, 1kg of frozen product {FR} U",1,0.0,0.2928,0.8136,100.0,10.9002,0.0,,8369d1cb-531a-5876-a1e1-0f0a597f336b_42050ec5-0548-5289-901d-6862b2d26f90
"Garfish, fillet, raw, at processing {FR} U",FR,layered,"Garfish, consumption mix {FR} U",2,50.0,0,0,100.0,0,0.0,,3149b2db-aa9d-5f08-9ea7-8461034fd438_3c5a4baf-775f-5e2a-9bae-aee7655af2af
"Garfish, residues, raw, at processing {FR} U",FR,layered,"Garfish, consumption mix {FR} U",0.0,0.0,0,0,100.0,0,0.0,,0fc28387-c0a1-5cde-8f00-7b242522a0c7_5982b868-afb0-5767-ad83-75a33dea0b5b
"Gilthead seabream, fillet, raw, at processing {FR} U",FR,layered,"Gilthead seabream, consumption mix {FR} U",2.27,55.95,0,0,100.0,0,0.0,,661ef068-79ea-5108-978f-ddabaae86830_a9d26bf2-6e22-5abb-9fa3-4b0effda0568
"Gilthead seabream, residues, raw, at processing {FR} U",FR,layered,"Gilthead seabream, consumption mix {FR} U",0.0,0.0,0,0,100.0,0,0.0,,28562e83-f35a-53e8-9f34-38134e6703b2_b2725969-efdf-52ac-9c49-8a0f4c008a83
"Gilthead seabream, wild, fillet, raw, at processing {FR} U",FR,layered,"Gilthead seabream, wild, consumption mix {FR} U",2.27,55.95,0,0,100.0,0,0.0,,6a25476b-2d79-5ceb-8a61-91e5b7a7dcb6_3b7069bf-ccc2-5f02-a729-5264a1a28518
"Gilthead seabream, wild, residues, raw, at processing {FR} U",FR,layered,"Gilthead seabream, wild, consumption mix {FR} U",0.0,0.0,0,0,100.0,0,0.0,,a36ea2f0-5200-52d7-8cf0-b49cf385c1af_b9d3a8b2-cbec-5d24-9a66-f7fbe6741bb6
Glutamate {CN} U,CN,direct,"Sulfur dioxide, liquid {RoW}| market for | Cut-off, S - Copied from Ecoinvent U",1.5318,34.72,262.3582,0,100.0,0,0.0,"Nitrogen oxides, CN (225 g); Coal tailings (105 kg); Corn dust (biomass) (49.5 ); Sulfur dioxide, CN (37.8 g); Coal ash (22.2 kg); BOD5 (Biological Oxygen Demand), CN (17.1 kg); Suspended solids, unspecified (13.8 kg); Slags (11.1 kg); Ammonia, as N (7.15 kg); Carbon dioxide (1.06 ton); Heat, waste (0.883 MJ)",d1d45e5b-17a5-52ea-a165-67b2f171534e_6b8fc43b-c788-57f8-9e2f-0a18813445b8
"Golden redfish, fillet, raw, at processing {FR} U",FR,layered,"Golden redfish, consumption mix {FR} U",2.75,63.64,0,0,100.0,0,0.0,,b8466824-a77c-5434-9c79-2ed767c3d3e6_f55a7d77-7cd3-5b1b-a75a-1fb8baa21a7e
"Golden redfish, residues, raw, at processing {FR} U",FR,layered,"Golden redfish, consumption mix {FR} U",0.0,0.0,0,0,100.0,0,0.0,,7397bb6b-3a50-5bf0-8a23-ff73eea66fcc_43c2524f-01ab-585f-8a4a-cfb128f5e4d3
"Grape juice, pure juice, at plant {FR} U",CR,layered,"Grape juice, pure juice, at processing {FR} U",1,0.0,0,0,100.0,0,13.49,,aa91ab1c-2b91-5c9f-a70a-47eee142e7f0_5c859d6a-9a48-5a9a-97e1-6bb051c85263
"Grape juice, pure juice, at processing {FR} U",FR,layered,"Grape, at plant {FR} U",1.349,25.87,0.0465,0.1307,100.0,1.0588,13.49,,28318eb0-33ac-56fd-a5f9-3df2a16bfd18_76398439-5c24-50b5-b9a1-acb8c63fe816
"Grape juice, pure juice, at processing {IT} U",IT,wrapper_wfldb,"Carbon dioxide, in air",5464.8625,99.98,0,0,100.0,0,0.0,,254ce13f-7b59-5449-8a8a-df2809d87776_28db042b-a974-5084-9805-e476dc983bc1
"Grape juice, pure juice, filled, at plant {FR} U",FR,layered,"Grape juice, pure juice, consumption mix {FR} U",1,0.0,0.0568,0,100.0,1.1065,0.0,,d1a7ef8a-e107-54f6-a07f-e728f36993c4_d65a5cd8-7126-5993-b8fe-f697b9a9e5e3
"Grape juice, reconstituted from a concentrate, at plant {FR} U",FR,direct,"Frozen concentrated grape juice, consumption mix {FR} U",0.2146,0.0,0.0293,0.2728,100.0,0.7954,1.0,"Heat, waste (0.109 MJ)",905f5886-4409-50a3-9a45-218a29ca990c_0b140788-d4d4-5d1a-96fa-083f0b7a7048
"Grape pomace, fresh, from concentrated grape juice production, at processing {FR} U",FR,layered,"Grape, at plant {FR} U",1.3173,24.09,0.1428,1.5138,100.0,3.4839,0.0,Water (0.709 kg),2ea54806-257e-5744-afb7-3e34a059fe75_9d90f73c-6f56-5c75-a93b-23d9d4e60aba
"Grape pomace, fresh, from concentrated grape juice production, at processing {IT} U",IT,wrapper_wfldb,"Carbon dioxide, in air",5464.8625,99.98,0,0,100.0,0,0.0,Water (0.709 kg),84cb276d-9945-5dc4-bb2d-f5bcfad80215_f3df8270-a630-509c-af9c-2ba1228d5967
"Grape pomace, fresh, from grape juice production, at processing {FR} U",FR,layered,"Grape, at plant {FR} U",0.1566,0.0,0.0054,0.0152,100.0,0.1229,1.57,,2097a4cd-27bf-5b34-84e3-a74c471ab80d_06615b3a-7bc5-513f-bba5-ca17b1632eb2
"Grape pomace, fresh, from grape juice production, at processing {IT} U",IT,wrapper_wfldb,"Carbon dioxide, in air",5464.8625,99.98,0,0,100.0,0,0.0,,90324e2a-0ff4-57b2-ac34-664ea1eb1775_f75c9e96-73fe-541f-93db-e3a159284b25
"Grapefruit (inc. pomelos), peeled, at processing {FR} U",FR,layered,"Grapefruit (inc. pomelos), consumption mix {FR} U",1.428,29.97,0,0,100.0,0,42.8,,dfbba73b-c70f-5ce6-a185-168ea433898a_86e0e336-f5e7-5765-b86c-c8a3f31a28cf
"Grapefruit juice, pure juice, at plant {US} U",US,layered,"Grapefruit juice, pure juice, at processing {US} U",1,0.0,0,0,100.0,0,32.38,,934fdafd-4e37-597c-9671-7cf523b513bb_15a32088-68b0-5a43-9d6a-3f7a28170f72
"Grapefruit juice, pure juice, at processing {US} U",US,layered,"Grapefruit for juice, conventional, at farm gate {US} U",1.1523,13.21,0.0234,0.0873,100.0,0.8299,32.38,,ab29de1d-82fa-5322-b00d-aa559c3a49d5_c2226cf6-3874-5a41-b335-e99df09f48a2
"Grapefruit juice, pure juice, filled, at plant {FR} U",FR,layered,"Grapefruit juice, pure juice, consumption mix {FR} U",1,0.0,0.0254,0,100.0,0.0644,0.0,,b6962395-6fc0-59d0-884d-a754b90f192f_4635ca7f-82c9-5157-a980-8a3061994be1
"Grapeseed oil, at plant {FR} U",FR,layered,"Grapeseed oil, refined at plant {FR} U",1,0.0,0.4625,3.4715,100.0,1.6683,0.0,,70fe3e6c-42ed-5bbe-9a35-f5f13c935d8a_c19bbff8-f4a0-51e0-9205-436a18b94df7
"Grapeseed, dry at distillerie {FR} U",FR,direct,"[Dummy] Grapeseed, consumption mix {FR} U",2.0451,0.0,0.059,3.5136,55.0,0,0.0,Water (0.974 kg),e804741c-5aa7-5c8c-9f54-ba16973e8a09_14a8d8b2-58f2-54e3-8f9a-d511e449b2c8
"Green cabbage, peeled, at processing {FR} U",FR,layered,"Green cabbage, consumption mix {FR} U",1.25,20.0,0,0,100.0,0,25.0,,457b423f-ebd2-5ca5-bf43-4379ad84d17e_b3af3ef0-ad60-5118-a31d-de9a89764967
"Green salad, peeled, at processing {FR} U",FR,layered,"Green salad, consumption mix {FR} U",1.67,40.12,0,0,100.0,0,66.7,,2d01cf67-fa82-5770-b869-01695bb74723_a97e59e8-0406-50ec-8c9b-7bbcd57d94a6
"Greenland halibut, fillet, raw, at processing {FR} U",FR,layered,"Greenland halibut, consumption mix {FR} U",2.75,63.64,0,0,100.0,0,0.0,,2b2d01b1-fef6-5ca2-9150-42b00bd21720_fbdf9348-d3d3-5982-aca6-463ecdc40aa8
"Greenland halibut, residues, raw, at processing {FR} U",FR,layered,"Greenland halibut, consumption mix {FR} U",0.0,0.0,0,0,100.0,0,0.0,,3cf4bb25-dd65-5031-b584-9e7e60e163ed_1efa7a1f-7083-593c-a5ab-46fefab3adbb
"Grenadier, fillet, raw, at processing {FR} U",FR,layered,"Grenadier, consumption mix {FR} U",2.75,63.64,0,0,100.0,0,0.0,,a1358fc4-7368-5918-9b21-1d48aecc3818_cc02fd11-1000-551d-bb86-d4fb3cc1a8f2
"Grenadier, residues, raw, at processing {FR} U",FR,layered,"Grenadier, consumption mix {FR} U",0.0,0.0,0,0,100.0,0,0.0,,41ab3012-c9c6-5882-841a-f350337c49c3_220ce7b9-7d4e-51a0-8e2d-b5cc52dcae96
"Ground beef, fresh, case ready, for direct consumption, at plant {FR} U",FR,layered,"Fresh ground beef production, industrial production, French production mix, at plant, 1 kg of fresh ground beef (PDi) {FR} U",1,0.0,0,0,100.0,0,0.0,,82b9a3a5-b111-57dd-a073-f56f25a5fa2b_11e71884-3ade-5549-b397-331c2ef88eb6
"Ground beef, fresh, for industrial tomato pasta products {FR} U",FR,layered,"Ground beef, fresh, for processing {FR} U",1,0.0,0,0,100.0,0,0.0,,01b4ffbe-448e-5432-8f7c-de105f3c7853_d6a0d841-be8b-570c-a670-7f9dbdad619e
"Ground beef, fresh, for processing {FR} U",FR,layered,"Fresh ground beef production, industrial production, French production mix, at plant, 1 kg of fresh ground beef, for processing (PDi) {FR} U",1,0.0,0,0,100.0,0,0.0,,4fa93420-066c-539c-8305-6fa92a25dd6b_51dc85a6-3434-5c52-a24c-d26b333a8ab5
"Ground veal, fresh, case ready, at plant {FR} U",FR,layered,"Fresh ground veal production, industrial production, French production mix, at plant, 1 kg of fresh ground veal (PDi) {FR} U",1,0.0,0,0,100.0,0,0.0,,fb64b6ee-0dec-5d7d-8ea7-d80055c8902b_b7bd4d83-e2d9-5140-b14d-f16cab641294
"Grouper, fillet, raw, at processing {FR} U",FR,layered,"Grouper, consumption mix {FR} U",1.67,40.12,0,0,100.0,0,0.0,,eede313c-aa02-5f2e-9322-cc6a3e8c5a96_1046148a-33a1-55c0-9bf6-0db29f1c4798
"Grouper, residues, raw, at processing {FR} U",FR,layered,"Grouper, consumption mix {FR} U",0.0,0.0,0,0,100.0,0,0.0,,64739583-08b5-546c-abfd-32cc2ec71d4d_362523c4-2670-5dec-bbcf-b402cedd4903
"Gruyere cheese, from cow's milk, at plant {FR} U",FR,layered,"Gruyere cheese, from cow's milk, consumption mix {FR} U",1,0.0,0,0,100.0,0,0.0,,ec1b523c-0b3a-5853-9004-608465b8ce18_53ffd4ab-f1b5-5bd7-8b4c-256307d05ecf
"Haddock, fillet, raw, at processing {FR} U",FR,layered,"Haddock, consumption mix {FR} U",2.75,63.64,0,0,100.0,0,0.0,,e7a0ba6d-7f10-5f93-859f-dc611072836a_f745c91f-21a4-51ed-8ea7-7c8a827a5a97
"Haddock, residues, raw, at processing {FR} U",FR,layered,"Haddock, consumption mix {FR} U",0.0,0.0,0,0,100.0,0,0.0,,485e7dc6-d506-5d0a-9ef0-199721d87dc6_9ef82c14-3edb-540e-a006-4d7a00448633
"Haddock, smoked, at processing {FR} U",FR,layered,"Haddock, fillet, raw, at processing {FR} U",1,0.0,0,0,100.0,0,0.0,,759139b6-b3c1-52a5-baf8-156d1e0f8f63_46ae931e-f513-5603-8f2f-a6abcf0e723a
"Hake, fillet, raw, at processing {FR} U",FR,layered,"Hake, consumption mix {FR} U",2.5,60.0,0,0,100.0,0,0.0,,b0381ac2-af7c-5c6c-9c1a-84016e54ec6a_33422f3d-72ae-5d0f-8119-54c943c675bf
"Hake, fillet, raw, frozen at processing {FR} U",FR,layered,"Fish freezing, small fish {RoW}| fish freezing, small fish | Cut-off, S - Copied from Ecoinvent U",1,0.0,0,0,100.0,0,0.0,,bbfa4471-d32d-5d6b-9d71-80bf17f80da0_914b5850-d5ee-51bc-b765-46b4dcad9220
"Hake, residues, raw, at processing {FR} U",FR,layered,"Hake, consumption mix {FR} U",0.0,0.0,0,0,100.0,0,0.0,,b8012879-b1d8-51d4-a038-bbb80576b6c7_c2ee1e1d-83b5-5146-ba52-0b324b4dc16b
"Hard cheese, emmental-type cheese, reduced fat, at plant {FR} U",FR,layered,"Hard cheese, emmental-type cheese, reduced fat, from cow's milk, consumption mix {FR} U",1,0.0,0,0,100.0,0,0.0,,76332490-642f-52b2-adf4-420a3c4bf935_c62fbc28-14d0-5c53-bc7f-f3b5f42f54d5
"Haricot bean, canned {FR} U",FR,direct,"Canning vegetables, industrial, 1kg of canned product {FR} U",1,0.0,0,0,100.0,0.3302,0.0,,3785dea4-c5a4-5107-a2d4-a6c2f85f84bd_c03bb9d3-d742-5fe4-b86f-c518f26f13fc
"Hazelnut oil, at plant {FR} U",FR,layered,"Hazelnut oil, crude, at plant {FR} U",1,0.0,0.0795,0.1318,100.0,0,0.0,,ebb1ea62-2043-5737-98ee-e8d1b2860883_98dfcb7b-c254-5649-a642-eb90030b4d9b
"Hazelnut, unshelled, at plant {IT} U",IT,wrapper_wfldb,"Carbon dioxide, in air",3403.1459,99.97,0,0,100.0,0,52988.94,,48073d47-1f82-5dec-b96f-c7f7b6d2813d_797ebc9e-f929-5059-95a3-5c3c67cff22b
"Hazelnut, unshelled, at plant {TR} U",TR,wrapper_wfldb,"Carbon dioxide, in air",2968.9335,99.97,0,0,100.0,85.9841,92456.0,,462e0294-de5d-5eef-9a7d-876794f24e83_754730a9-37b7-515b-8f59-9ac001ca0c3d
"Hazelnuts, unshelled, at processing {FR} U",FR,layered,"Hazelnuts, with shell, consumption mix {FR} U",2,50.0,0,0,100.0,0,100.0,,e8988fc0-54f5-5580-b91e-fd13cd9839be_64d4acc4-7b7d-5613-9e85-a28ce1a8b5f9
"Honey, at plant {FR} U",FR,layered,"Honey, consumption mix {FR} U",1,0.0,0,0,100.0,0,0.0,,5d86d5cb-172e-5505-97a3-e554e7fddd3d_4e812aeb-044a-53b2-b0f0-eefd7c0220e0
"Horse mackerel, fillet, raw, at processing {FR} U",FR,layered,"Horse mackerel, consumption mix {FR} U",1.92,47.92,0,0,100.0,0,0.0,,0dcb2e6c-5711-5948-b064-35eb67f37270_722eef99-c94e-522e-af1f-673291de9740
"Horse mackerel, residues, raw, at processing {FR} U",FR,layered,"Horse mackerel, consumption mix {FR} U",0.0,0.0,0,0,100.0,0,0.0,,9f0a6514-c064-5565-a7a8-f37e3961062f_d1974f56-7d69-5498-b39b-a2a2878d9139
"Hydrolysis slag, glutamate by-product {CN} U",CN,direct,"Sulfur dioxide, liquid {RoW}| market for | Cut-off, S - Copied from Ecoinvent U",0.0166,0.0,2.8363,0,100.0,0,0.0,"Nitrogen oxides, CN (2.44 g); Coal tailings (1.14 kg); Corn dust (biomass) (0.535 ); Sulfur dioxide, CN (0.408 g); Coal ash (0.24 kg); BOD5 (Biological Oxygen Demand), CN (0.185 kg); Suspended solids, unspecified (0.149 kg); Slags (0.12 kg); Ammonia, as N (0.0773 kg); Carbon dioxide (0.0115 ton); Heat, waste (0.00955 MJ)",98704750-9ee4-557c-ac12-c3d354d42ca2_c7acaf5e-f766-5ec5-bc45-b5ee03ab0a78
"John dory, fillet, raw, at processing {FR} U",FR,layered,"John dory, consumption mix {FR} U",2.75,63.64,0,0,100.0,0,0.0,,2dda0d6c-9c3c-5de9-9cde-da5ea24d2794_e5c6f62c-2712-530c-af53-01b832c71ac1
"John dory, residues, raw, at processing {FR} U",FR,layered,"John dory, consumption mix {FR} U",0.0,0.0,0,0,100.0,0,0.0,,c1631e1d-d0d3-5ee8-b802-ef342ac4ae05_7e0f325e-972f-511f-84a9-d4a0cdde645a
"Juice of chicory, at processing {FR} U",FR,layered,"Extraction of chicory cossettes, processing, at plant {FR} U",2.104,52.47,15.9822,5.6515,100.0,10.8465,252.52,,f23ad359-b5e0-5820-ac46-2924d66087ac_24987185-f623-5c24-b678-44846c523f9a
"Juice, agave, at plant {MX} U",MX,layered,"Juice, agave, at processing {MX} U",1,0.0,0,0,100.0,0,4.2,,bfc333bd-e5fc-583b-9b49-2207a3f67d83_3d3d1b33-bb0e-51bd-b55d-f07326be1bac
"Juice, agave, at processing {MX} U",MX,layered,"Agave tequilana, consumption mix {MX} U",1.05,4.76,0.0394,0.0017,100.0,0,4.2,,f2ac4316-10a6-5055-ab8a-da7df818b11a_6278b0a2-cc4b-57bd-a22a-b826edc8af21
"Kiwi FR, conventional, national average, at plant {FR} U",FR,direct,"Kiwi FR, conventional, national average, at orchard {FR} U",1.05,4.76,0.1807,0,100.0,0,5.0,,4dd6de28-933f-54f5-9b51-8c3091a36951_d74f849a-9b5e-5601-b6d7-2201681cf5f8
"Large trout fillet, at plant {FR} U",FR,layered,"Large trout fillet, for smoked trout {GLO} U",1,0.0,0,0,100.0,0,0.0,,b9374d59-8a88-5b9f-942d-d6b0d48e4bad_9cb6ce39-1bc2-571d-af50-b87856c9d9a0
"Large trout fillet, for smoked trout {GLO} U",GLO,layered,"Trout, for smoked trout, consumption mix {FR} U",0.91,0.0,0,0,100.0,0,0.0,,c8c72483-e5ed-59d5-9191-c5a78223b756_11e0c6c4-4990-591e-8ce8-be501e49c89a
"Largehead hairtail, fillet, raw, at processing {FR} U",FR,layered,"Largehead hairtail, consumption mix {FR} U",2.75,63.64,0,0,100.0,0,0.0,,f10e37fb-2763-504f-b7cd-47eb9a826352_78c03ba7-d970-57f6-9563-b1f1af09e2c8
"Largehead hairtail, residues, raw, at processing {FR} U",FR,layered,"Largehead hairtail, consumption mix {FR} U",0.0,0.0,0,0,100.0,0,0.0,,2f3324e8-e293-53d3-a97f-0a7db69c7e7a_a043fe00-a43d-59b0-b72f-025faa3bcf44
"Leek, frozen, at processing {FR} U",FR,layered,"Freezing vegetables and ready meals made from vegetables, industrial, 1kg of frozen product {FR} U",1,0.0,0.3519,0.8136,100.0,10.9002,25.0,,56aab861-c5ad-5df3-9cd1-cef6d259e500_66a18d2f-e3b8-55bf-bf0f-5be0813fab74
"Leek, peeled, at processing {FR} U",FR,layered,"Leek, consumption mix {FR} U",1.25,20.0,0,0,100.0,0,25.0,,f2f0d528-765c-5fbd-ba16-b99be18c8277_d20f8a56-ccfb-5a08-a754-ac154918ae96
"Lemon juice, pure juice, at plant {IT} U",IT,layered,"Lemon juice, pure juice, at processing {IT} U",1,0.0,0,0,100.0,0,118.51,,684385c3-107e-5c0c-983a-437e8019dfb9_a4e0b114-ff79-5479-ab75-e8dc6a2fd657
"Lemon juice, pure juice, at processing {IT} U",IT,layered,"Lemon, at farm {IT} U",2.3352,57.18,0.034,0.1092,100.0,1.5047,118.51,,d5b792f4-d19e-5225-9e5a-eba67bc665a6_be33b624-2697-57dc-bbfc-cc7db6a26809
"Lemon juice, pure juice, filled, at plant {FR} U",FR,layered,"Lemon juice, pure juice, consumption mix {FR} U",1,0.0,0.0119,0,100.0,0.069,0.0,,305b20ac-472e-53dc-96ec-ee2b8f122f4a_4c27fe70-1116-5b11-9bde-cc57efd1c32c
"Lemon sole, fillet, raw, at processing {FR} U",FR,layered,"Lemon sole, consumption mix {FR} U",2.75,63.64,0,0,100.0,0,0.0,,15f00aff-e3e6-5867-88c0-59919ed44b5d_0153647e-be73-5593-8d22-99922e9c23ed
"Lemon sole, residues, raw, at processing {FR} U",FR,layered,"Lemon sole, consumption mix {FR} U",0.0,0.0,0,0,100.0,0,0.0,,272b2046-90c8-5a9d-ba08-24c770d0908d_e2678ca9-fd18-585b-aa06-78b87428c153
"Lemon, for grated carrots {FR} U",FR,layered,"Lemon {ES}| lemon production | Cut-off, U - Adapted from Ecoinvent U",1,0.0,0,0,100.0,0,0.0,,8f53303e-242a-5bd2-a993-97976a728158_3472a8e2-f074-5e57-9650-9f2e2b179e8c
"Lemon, peeled, at processing {FR} U",FR,layered,"Lemon, consumption mix {FR} U",1.428,29.97,0,0,100.0,0,42.8,,111fed92-f8fc-58a4-a4eb-bf124c8d501a_9d5ebce1-7f58-52b6-9549-b472167f2916
"Lentils, canned {FR} U",FR,direct,"Canning vegetables, industrial, 1kg of canned product {FR} U",1,0.0,0,0,100.0,0.3302,0.0,,cf4d1695-2c4d-5152-82b7-8682667507c5_55e1dfde-a9ad-5df0-bffa-f523ac6a4c28
"Lentils, for canned salt-cured pork belly with lentils {GLO} U",GLO,layered,"Spring pea, conventional, 15% moisture, animal feed, at farm gate, production {FR} U",1,0.0,0.0203,0,100.0,0,0.0,,6cc051d1-2b38-5ff1-9e92-6dc55c5c568d_7f6a564d-38ea-5183-8a2a-dce40dd39dad
"Lettuce, peeled, at processing {FR} U",FR,layered,"Lettuce, consumption mix {FR} U",1.67,40.12,0,0,100.0,0,67.0,,219e272e-6428-54b2-9fb4-bfbc632a9d42_960c88d0-7214-5207-8a09-29fef35df01e
"Ling, fillet, raw, at processing {FR} U",FR,layered,"Ling, consumption mix {FR} U",2.75,63.64,0,0,100.0,0,0.0,,324b53c0-ae68-55a5-948e-1438cc60d330_618a0a45-e83b-5c49-89ff-4be822ecbe28
"Ling, residues, raw, at processing {FR} U",FR,layered,"Ling, consumption mix {FR} U",0.0,0.0,0,0,100.0,0,0.0,,bc67aed3-2f5a-5d52-bebb-c97a8975a1c5_f3f9e42a-aa5f-534a-96ca-a3ad618c4a72
"Linseed deodorization condensates, at oil mill {BE} U",BE,direct,"Linseed, consumption mix {BE} U",0.0034,0.0,0.0003,0.0024,100.0,0.0009,0.0,Water (0.000116 kg),b7b1791a-8e3b-5b79-9cd3-a610ea792eab_a7f0e45a-3766-52b1-9ef3-250ce5e56685
"Linseed deodorization condensates, at oil mill {FR} U",FR,direct,"Linseed, consumption mix {FR} U",0.0034,0.0,0.0003,0.0024,100.0,0.0009,0.0,Water (0.000116 kg),305d859f-c9f9-5cf1-a8bc-bb43887b2ef8_9c475008-124c-526e-9512-c9d1d8ea3c3a
"Linseed oil cake, at oil mill {BE} U",BE,direct,"Linseed, consumption mix {BE} U",1.0201,1.97,0.1029,0.7154,100.0,0.2883,0.0,Water (0.0352 kg),2791791e-4a62-5d08-a212-e681613544c0_86bac20b-cf78-56ef-a1f1-aa9b6015d214
"Linseed oil cake, at oil mill {FR} U",FR,direct,"Linseed, consumption mix {FR} U",1.0201,1.97,0.1029,0.7169,100.0,0.2883,0.0,Water (0.0352 kg),58b48604-16eb-5b3d-9d6f-f7053d6333c0_6e757a67-b94e-5001-9b51-7b3011fb817a
"Linseed oil soap stock, at oil mill {BE} U",BE,direct,"Linseed, consumption mix {BE} U",0.046,0.0,0.0046,0.0323,100.0,0.013,0.0,Water (0.00159 kg),f2c3aa45-b049-5a7d-b99e-5739f172cdf9_0256c44d-43fc-5745-bd21-f19f79a206fe
"Linseed oil soap stock, at oil mill {FR} U",FR,direct,"Linseed, consumption mix {FR} U",0.046,0.0,0.0046,0.0324,100.0,0.013,0.0,Water (0.00159 kg),9865c794-c538-5904-847f-38e8f08b7596_63bc69c5-1993-51ca-b255-3073dd1f382d
"Linseed oil, at plant {FR} U",FR,layered,"Linseed oil, refined, at oil mill {FR} U",1,0.0,0.2542,1.6372,100.0,0.6477,0.0,,a08291e9-c68e-5c7e-9af1-6f7126b8299b_2cf9a1b1-d2e7-5a8a-a435-682d43bd183e
"Linseed oil, refined, at oil mill {BE} U",BE,direct,"Linseed, consumption mix {BE} U",2.2915,56.36,0.2311,1.6071,100.0,0.6477,0.0,Water (0.079 kg),a64bff97-498b-5e95-b6c0-6218878a8fac_7055fbf8-509e-5a3d-bc7a-6fda74a5c998
"Linseed oil, refined, at oil mill {FR} U",FR,direct,"Linseed, consumption mix {FR} U",2.2915,56.36,0.2311,1.6105,100.0,0.6477,0.0,Water (0.079 kg),c019e322-e35e-5033-a5df-ce24d15095c1_8d895894-7e8f-5b28-92b0-33be3f41acd9
"Liquid cream 30% fat, UHT, at plant {FR} U",FR,layered,"Liquid cream 30% fat, UHT, from cow milk {FR}| yogurt production, from cow milk | Cut-off, U - Adapted from Ecoinvent U",1,0.0,0.3758,0.9699,100.0,10.5822,0.0,,6f5bc517-4914-5da3-b251-9dc28e9306be_cf782b7d-9c20-5d52-8b0c-59189a76218f
"Liquid cream, light, 15-20% fat, UHT, at plant {FR} U",FR,layered,"Liquid cream, light, 15-20% fat, UHT, from cow milk {FR}| yogurt production, from cow milk | Cut-off, U - Adapted from Ecoinvent U",1,0.0,0.3374,0.9699,100.0,6.8096,0.0,,b864ae2b-7183-5afc-af57-22114c29cacf_afa4f0a2-7a48-5f90-98aa-5a096716e90a
"Loin, pork, at plant {FR} U",FR,layered,"Meat without bone, pork {FR} U",17.11,94.16,0,0,100.0,0,0.0,,57b2eb47-2e36-51de-9928-89e5e654f5f3_d72c076b-284b-5674-b499-87b8b0a7f24c
"Mackerel, canned in brine {FR} U",FR,layered,"Canning sardine or mackerel, industrial, 1kg of canned product {FR} U",1,0.0,0.12,0,100.0,0,0.0,,7d0d9db1-e3c9-5432-a9b3-ad7f9afdab17_a3ce9af0-2b2e-57c1-9be5-a539401ee979
"Mackerel, fillet, raw, at processing {FR} U",FR,layered,"Mackerel, consumption mix {FR} U",1.92,47.92,0,0,100.0,0,0.0,,3ec2c948-0be7-5e2e-84ed-cac6318c356e_6f148fe1-f493-553e-87c7-87f1988e4853
"Mackerel, residues, raw, at processing {FR} U",FR,layered,"Mackerel, consumption mix {FR} U",0.0,0.0,0,0,100.0,0,0.0,,fcd2fa11-6328-50e2-bcb4-ac7fe2fe4ac2_d63c9686-a460-51cb-8d2c-950589e2a0dc
"Mackerel, smoked, at processing {FR} U",FR,layered,"Mackerel, fillet, raw, at processing {FR} U",1,0.0,0,0,100.0,0,0.0,,ed2a96b3-e0b1-521a-a1f0-d82f7cc1f91a_3c3457e2-efaf-5d3f-8ef7-0e6c1ce3ac72
"Maize bran, at industrial mill {FR} U",FR,direct,"Maize grain, consumption mix {FR} U",0.12,0.0,0.0106,0,100.0,0.0039,0.0,Water (0.000478 kg); Water/m3 (3.43e-06 m3),ba5b037b-eea8-59ec-b0e1-cc4886384468_ccd942a4-7bbb-5367-8a57-4aa3de5fd989
"Maize bran, at industrial mill {IT} U",IT,direct,"Maize grain, consumption mix {IT} U",0.12,0.0,0.0106,0,88.0,0.0039,0.0,Water (0.000478 kg),3c27c19e-75dd-52f8-a828-2776a0f21d4e_059093b6-84f9-5427-83de-26e1492c2dc9
"Maize bran, at plant {FR} U",FR,layered,"Maize bran, at industrial mill {FR} U",1,0.0,0.047,0,100.0,0.0162,0.0,,b4bb9c6d-716f-53d5-8379-f4925defaf44_9bccfdd0-6f0d-54e4-8e23-7149de47b784
"Maize flour, at industrial mill {FR} U",FR,direct,"Maize grain, consumption mix {FR} U",0.88,0.0,0.0775,0,100.0,0.0287,0.0,Water (0.0035 kg); Water/m3 (2.52e-05 m3),c00b0150-7956-5062-af25-90b9e72806fd_d6c3db05-827c-5b58-a913-88c01a5e8c4c
"Maize flour, at industrial mill {IT} U",IT,direct,"Maize grain, consumption mix {IT} U",0.88,0.0,0.0775,0,88.0,0.0287,0.0,Water (0.0035 kg),2416c0dd-9a3b-540a-93c8-a674ed7edb29_a30ad515-b66d-530b-aaa0-3fa8bfb861df
"Maize flour, at plant {FR} U",FR,layered,"Maize flour, at industrial mill {FR} U",1,0.0,0.1129,0,100.0,0.0388,0.0,,727d0145-73ec-5e9e-bdd7-6f4fa611ece4_e5f724c6-3123-5531-86b8-999ac5e1e9ea
"Maize flour, at plant {IT} U",IT,layered,"Maize flour, at industrial mill {IT} U",1,0.0,0.1049,0,100.0,0.0833,0.0,,c357337d-24f8-5748-bf1c-038fe64918fa_fad87eb0-7ce1-5a31-8319-88b10b4db529
"Mango kernels, fresh, from frozen concentrated mango puree production, at processing {BR} U",BR,layered,"Mango {BR}| mango production | Cut-off, U - Copied from Ecoinvent U",0.1047,0.0,0.0078,0.0324,100.0,0.1157,3.76,Water (0.0155 kg),0b7c5ddb-c6b0-5270-a3ca-f8c88a7d56f7_d19672de-3732-50ba-bcb1-b89bf38ec5a9
"Mango kernels, fresh, from frozen concentrated mango puree production, at processing {CI} U",CI,layered,"Mango, conventional, at farm gate {CI} U",0.1047,0.0,0.0078,0.0324,100.0,0.1157,3.76,Water (0.0155 kg),56bab211-7e67-5518-8f39-964af1a71850_3312ca02-b1b6-54e0-a2cc-3e7315acb72d
"Mango kernels, fresh, from frozen concentrated mango puree production, at processing {PE} U",PE,direct,"Mango, conventional, at farm gate {PE} U",0.1047,0.0,0.029,0,100.0,0,3.76,Water (0.0155 kg),ce12092d-770d-528f-80c4-1b916819edcb_92a774c6-e46a-53db-9ff1-d486e7748968
"Mango kernels, fresh, from frozen mango puree production, at processing {BR} U",BR,layered,"Mango {BR}| mango production | Cut-off, U - Copied from Ecoinvent U",0.0447,0.0,0.0043,0.0024,100.0,0.0292,1.6,,98f49a93-14be-5e3f-bece-2bb72ac504e0_b9b2517f-a6d4-5bde-a99d-f60119918451
"Mango kernels, fresh, from frozen mango puree production, at processing {CI} U",CI,layered,"Mango, conventional, at farm gate {CI} U",0.0447,0.0,0.0043,0.0024,100.0,0.0292,1.6,,1d845548-c738-5d26-b405-1a03a38a7757_a56faf5c-414b-5db8-bec9-b4c9c86dee89
"Mango kernels, fresh, from frozen mango puree production, at processing {PE} U",PE,layered,"Mango, conventional, at farm gate {PE} U",0.0447,0.0,0.0043,0.0024,100.0,0.0292,1.6,,be43226f-c413-55a6-aae0-63ffae8104f5_e54fbf2b-12ac-561f-961b-8a075ee01548
"Mango puree, reconstituted from a concentrate, at plant {FR} U",FR,direct,"Frozen concentrated mango puree, consumption mix {FR} U",0.6513,0.0,0.0293,0.2728,100.0,0.3487,1.0,"Heat, waste (0.109 MJ)",502d5cb4-704a-5e78-8015-73f037c436db_38a0a9be-a137-529c-92a8-fd36204175a0
"Manure, from black soldier fly larvae production, at processing {FR} U",FR,direct,Oxygen,0.0096,0.0,0,0,100.0,0.0144,0.94,Carbon dioxide (0.0132 kg); Water (0.0117 kg); Ammonia (9.94e-06 kg); Methane (2.32e-07 kg),4bc0f30c-e1db-5a1f-8736-81e5be9c17f0_18ca8292-1fee-5be9-9147-6087c4274940
"Margarine production process, industrial, 1kg of margarine, at plant {FR} U",FR,direct,?,0.0,0.0,0.0819,0.765,100.0,1.5,0.0,Water (0.183 kg),bc6900a7-85d1-54a3-86fb-56401e8c7909_b201626c-0190-5bf8-8630-a311e21e2916
"Meat with bone, beef, for direct consumption {FR} U",FR,layered,"Slaughtering and chilling, of beef, industrial production, French production mix, 1 kg of beef quarter {FR} U",1,0.0,0,0,100.0,0,0.0,,4ef7e774-862c-592a-8d20-72bc8480f9d3_c25cb41e-2e6c-521a-87f4-d8a48702a988
"Meat with bone, chicken, for direct consumption {FR} U",FR,layered,"Meat with bone, chicken, for direct consumption, at slaughterhouse {FR} U",1,0.0,0,0,100.0,0,0.0,,e08aff35-3335-54d1-9b9a-b6d39e488537_27682c6d-297d-5a22-be9a-613ab7f79649
"Meat with bone, chicken, for direct consumption, at slaughterhouse {FR} U",FR,wrapper_wfldb,"Packaging film, low density polyethylene {GLO}| market for | Cut-off, S - Copied from Ecoinvent U",0.05,0.0,0.794,1.4,100.0,13.6,5.28,,a512ae9e-6a70-5eda-9174-2794c8ebd947_fad0f166-a2ca-58d5-a1be-b40cb0350aff
"Meat with bone, chicken, for processing {FR} U",FR,layered,"Meat with bone, chicken, for processing, at slaughterhouse {FR} U",1,0.0,0,0,100.0,0,0.0,,db74c4a5-1cf1-5212-87e3-ed20db26baa7_c1b8d389-6010-5160-be38-882239ebf3ea
"Meat with bone, chicken, for processing, at slaughterhouse {FR} U",FR,wrapper_wfldb,"Packaging film, low density polyethylene {GLO}| market for | Cut-off, S - Copied from Ecoinvent U",0.05,0.0,0.794,1.4,100.0,13.6,5.28,,8ea7d17a-3628-50a2-bd04-2658bbe02775_ce2233a8-3f8e-5638-a8e5-06c64ac94caa
"Meat with bone, lamb {FR} U",FR,layered,"Slaughtering and chilling, of lamb, industrial production, French production mix, 1 kg of half lamb {FR} U",1,0.0,0,0,100.0,0,0.0,,23c8fa12-e175-546c-9304-24bf26fe4faa_6477cd88-8dee-5bae-9f48-4feb0cd831dd
"Meat with bone, mutton {FR} U",FR,layered,"Slaughtering and chilling, of lamb, industrial production, French production mix, 1 kg of half lamb {FR} U",1,0.0,0,0,100.0,0,0.0,,3b702eff-85d8-5f2d-b875-c6a179afa984_fb771117-8c9a-5a27-9812-e1c370266ea3
"Meat with bone, pork, at plant {FR} U",FR,layered,"Meat without bone, pork {FR} U",0.8,0.0,0,0,100.0,0,0.0,,a6a730ad-7804-5e09-9fcc-2b769616afd6_67d5c3f0-24b0-5975-bed1-25a422f7105b
"Meat with bone, veal {FR} U",FR,layered,"Slaughtering and chilling, of veal, industrial production, French production mix, 1 kg of veal quarter {FR} U",1,0.0,0,0,100.0,0,0.0,,f66db673-c373-5ea2-b542-7f93818456da_ce086f77-7e66-533c-8f76-07fea7365684
"Meat without bone, beef, for direct consumption {FR} U",FR,layered,"Slaughtering and chilling, of beef, industrial production, French production mix, 1 kg of beef quarter {FR} U",1.25,20.0,0,0,100.0,0,25.0,,f8dab9f6-eaa7-5a7a-80c7-d273c8f6c71b_509a9835-fbf5-58fe-87c5-d4d71104cae3
"Meat without bone, beef, for processing {FR} U",FR,layered,"Slaughtering and chilling, of beef, industrial production, French production mix, 1 kg of beef quarter, for processing {FR} U",1.25,20.0,0,0,100.0,0,25.0,,26708017-7093-5675-bb93-070641a831af_b733231a-7c36-5698-bb99-6a748d5c1bef
"Meat without bone, chicken, for direct consumption {FR} U",FR,layered,"Meat with bone, chicken, for direct consumption {FR} U",1.25,20.0,0,0,100.0,0,25.0,,0b1283f7-b6b4-50bc-b6a8-a97a9337ccd7_96ece658-61b7-58d7-8e36-54a6601125cb
"Meat without bone, chicken, for processing {FR} U",FR,layered,"Meat with bone, chicken, for processing {FR} U",1.25,20.0,0,0,100.0,0,25.0,,7515a975-5dd9-5063-bde9-bc093bf5db18_8144ba85-cd4e-59ba-bc6d-6f9920f0f01f
"Meat without bone, lamb {FR} U",FR,layered,"Slaughtering and chilling, of lamb, industrial production, French production mix, 1 kg of half lamb {FR} U",1.25,20.0,0,0,100.0,0,25.0,,31c01918-bf31-5ef0-9b73-0dd6e1433d13_15f76470-a9d3-5be3-956d-b9f145940712
"Meat without bone, mutton {FR} U",FR,layered,"Slaughtering and chilling, of lamb, industrial production, French production mix, 1 kg of half lamb {FR} U",1.25,20.0,0,0,100.0,0,25.0,,cb2b4c19-9299-5861-a89b-7cc75d13a7a9_f65a8bac-0dd3-511a-a4be-1902cb77e790
"Meat without bone, pork {FR} U",FR,layered,"Pork, meat without bone, for processing, at slaughterhouse gate {FR} U",1,0.0,0,0,100.0,0,0.0,,22aa0d02-4c17-5091-94ca-4f4a0b45b7bd_41b2c9f4-04c7-5756-ba6f-e6aa694b473a
"Meat without bone, veal {FR} U",FR,layered,"Slaughtering and chilling, of veal, industrial production, French production mix, 1 kg of veal quarter {FR} U",1.25,20.0,0,0,100.0,0,25.0,,5c68da3c-5f3c-539f-b9c2-6f6c963a9fc4_808796d0-bc05-5d26-9ddb-7fea9b772b20
"Meat, duck for roasting, based on chicken process, for direct consumption, at slaughterhouse {FR} U",FR,wrapper_wfldb,"Packaging film, low density polyethylene {GLO}| market for | Cut-off, S - Copied from Ecoinvent U",0.05,0.0,0.794,1.4,100.0,13.6,5.28,,a5c3f500-fbf8-5c3d-b98d-2132e73f032b_18608804-3f16-5042-8d60-e3485a3e9869
"Meat, duck, for direct consumption {FR} U",FR,layered,"Meat, duck for roasting, based on chicken process, for direct consumption, at slaughterhouse {FR} U",1,0.0,0,0,100.0,0,0.0,,68b0e9a6-8179-5481-8884-3d78ccaff554_d8d4ac49-5852-5bc3-b07a-8cb02eb64806
"Mediterranean bass, fillet, raw, at processing {FR} U",FR,layered,"Mediterranean bass, consumption mix {FR} U",2.27,55.95,0,0,100.0,0,0.0,,38bb01af-a1c8-5837-b75c-d2e385163156_effa4467-dca0-53c2-b5cb-ace008cac5f9
"Mediterranean bass, residues, raw, at processing {FR} U",FR,layered,"Mediterranean bass, consumption mix {FR} U",0.0,0.0,0,0,100.0,0,0.0,,08ce09bb-35e2-5e53-9218-ca3658665834_f24fc2fe-a3e7-5637-a937-524238104309
"Mediterranean bass, wild, fillet, raw, at processing {FR} U",FR,layered,"Mediterranean bass, wild, consumption mix {FR} U",2.27,55.95,0,0,100.0,0,0.0,,2aee065c-f968-5054-bfcf-19496e74f110_b776b429-ec31-5252-9f8c-b718e760beb5
"Mediterranean bass, wild, residues, raw, at processing {FR} U",FR,layered,"Mediterranean bass, wild, consumption mix {FR} U",0.0,0.0,0,0,100.0,0,0.0,,954b5c8e-30da-5a2f-89f6-7713399b61a8_d3517943-8fd8-5d32-a894-da28c0e4e388
"Megrim, fillet, raw, at processing {FR} U",FR,layered,"Megrim, consumption mix {FR} U",2.75,63.64,0,0,100.0,0,0.0,,362b0939-adf9-5f1c-9fd3-cc23dfcee2fc_bf9926f0-f474-57f4-a83d-2a89e3dc005e
"Megrim, residues, raw, at processing {FR} U",FR,layered,"Megrim, consumption mix {FR} U",0.0,0.0,0,0,100.0,0,0.0,,2e608638-0fd3-555e-b229-3a0cb372a2b1_91d4ac38-23bd-5224-8a08-bb6055fb2931
"Milk powder, semi-skimmed, non rehydrated, at plant {FR} U",FR,wrapper_wfldb,"Semi-skimmed milk, at plant {FR} U",10.1,90.1,0.4933,7.3959,100.0,33.2619,0.0,,7a0ed2a1-081f-5959-83b8-a83757b31b96_29a8a523-d0e4-5498-8730-d7895c9927bd
"Milk powder, skimmed, non rehydrated, at plant {FR} U",FR,wrapper_wfldb,"Skimmed milk, at plant {FR} U",10.1,90.1,0.4851,7.3911,100.0,29.0705,0.0,,9ad7fccc-046d-59ea-9ba9-d8345773136a_2b55a011-3cdd-56e0-ae29-22de15225c93
"Milk powder, whole, non rehydrated, at plant {FR} U",FR,wrapper_wfldb,"Milk, whole, pasteurised, at plant {FR} U",10.1,90.1,0.5052,7.4029,100.0,39.3585,0.0,,145e1331-113c-5686-9d0f-2ff332f37dad_cc42bcb0-d2ef-5533-9d13-9453c3371d3b
"Milk, whole, pasteurised, at plant {FR} U",FR,layered,"Whole milk, pasteurisation, from raw milk, at 72 degrees Celsius for 30 s., French production mix, at plant, 1 kg of pasteurised milk (PGi) {FR} U",1,0.0,0.0385,0.1118,100.0,0,0.0,,38bfab4a-0ba9-5513-932b-0f512f669a21_c2817ccb-59b5-58c5-856b-bd29690fd234
"Millet bran, at industrial mill {FR} U",FR,direct,"Millet, consumption mix {FR} U",0.12,0.0,0.0106,0,100.0,0.0039,0.0,Water (0.000478 kg); Water/m3 (3.43e-06 m3),63eb1492-8dbd-5b7b-b9b8-d90fce807466_4c731fa3-beea-55e5-bf48-231ba7f427f8
"Millet bran, at industrial mill {IT} U",IT,direct,"Paddy rice, consumption mix {IT} U",0.12,0.0,0.0106,0,88.0,0.0039,0.0,Water (0.000478 kg),27a48780-5188-5943-89d4-0dcf367a877b_cf337298-1243-58de-9bb6-92a4321c2f81
"Millet flour, at industrial mill {FR} U",FR,direct,"Millet, consumption mix {FR} U",0.88,0.0,0.0775,0,100.0,0.0287,0.0,Water (0.0035 kg); Water/m3 (2.52e-05 m3),b68bd2dc-6ff1-5f29-9aee-5150a278b954_2878be89-d802-58e5-ba44-97332b0e5809
"Millet flour, at industrial mill {IT} U",IT,direct,"Paddy rice, consumption mix {IT} U",0.88,0.0,0.0775,0,88.0,0.0287,0.0,Water (0.0035 kg),f6b3ad9c-7bb9-5a49-9b95-4a7baeb6aedf_88eac329-5057-5f51-a956-df95602ed1c8
"Millet flour, at plant {FR} U",FR,layered,"Millet flour, at industrial mill {FR} U",1,0.0,0.1049,0,100.0,0.0388,0.0,,6c4c7521-d97e-5e7c-9691-db63256918c2_80ca6627-cf1b-58e8-8529-b16a54da47ce
"Mint, peeled, at processing {FR} U",FR,layered,"Mint, fresh, consumption mix {FR} U",1.1,9.09,0,0,100.0,0,10.0,,99233219-5865-574e-a0c3-8c8e7b487596_4b24953b-421d-559a-99c1-c386c1c8c801
"Mozzarella cheese, from cow's milk, at plant {FR} U",FR,layered,"Mozzarella cheese, from cow's milk, consumption mix {FR} U",1,0.0,0,0,100.0,0,0.0,,cfe0164e-72f7-5588-89d9-4b0631a94f82_b11fe10a-dd79-5728-87e6-c0c2ed911ac6
"Mullet, fillet, raw, at processing {FR} U",FR,layered,"Mullet, consumption mix {FR} U",2.75,63.64,0,0,100.0,0,0.0,,339ed33a-427e-51f6-bbbd-9336e2359c42_71f03f58-5d32-568f-993f-abbaf2d9f505
"Mullet, residues, raw, at processing {FR} U",FR,layered,"Mullet, consumption mix {FR} U",0.0,0.0,0,0,100.0,0,0.0,,d796aea7-7793-5384-a8b4-e5969146d686_710c92d6-2751-5ef9-bcfd-49eb331653d9
"Mung bean, sprouted or soy spouts, canned {FR} U",FR,direct,"Canning vegetables, industrial, 1kg of canned product {FR} U",1,0.0,0,0,100.0,0.4624,0.0,,ac141105-af0e-5f75-b737-f2d95a7aba4f_838c60d9-ceb1-5b3d-8897-4dbf77c7a28c
"Mung bean, sprouted or soy spouts, peeled, at processing {FR} U",FR,layered,"Mung bean, consumption mix {FR} U",1.25,20.0,0,0,100.0,0,25.0,,9efc515f-42ee-5727-9387-b0af4f60db8c_6c6cab71-4222-5a2d-ba25-d9bcbc1e62c4
"Mushroom, peeled, at processing {FR} U",FR,layered,"Mushroom, consumption mix {FR} U",1.1,9.09,0,0,100.0,0,10.0,,06538857-88b9-5672-b809-62465490461b_dbbeaef0-db21-5065-a45b-9ca9628cbaf5
"Mussel, canned {FR} U",FR,layered,"Fish canning, in brine {FR} U",1,0.0,0,0,100.0,0,300.0,,59f24870-5121-51f3-b4d9-e1764aafb41d_1d6c18a6-c0c9-5441-a81a-7872a813d42d
"Mussel, unshelled, at processing {FR} U",FR,layered,"Mussel, consumption mix {FR} U",4,75.0,0,0,100.0,0,300.0,,e8a650e0-ea30-5fb2-9632-836ea3572e34_6098579a-58aa-5159-90de-247e4cc1d845
"Mycoprotein, glutamate by-product {CN} U",CN,direct,"Sulfur dioxide, liquid {RoW}| market for | Cut-off, S - Copied from Ecoinvent U",0.276,0.0,47.2718,0,100.0,0,0.0,"Nitrogen oxides, CN (40.6 g); Coal tailings (19 kg); Corn dust (biomass) (8.92 ); Sulfur dioxide, CN (6.8 g); Coal ash (4 kg); BOD5 (Biological Oxygen Demand), CN (3.09 kg); Suspended solids, unspecified (2.49 kg); Slags (2 kg); Ammonia, as N (1.29 kg); Carbon dioxide (0.192 ton); Heat, waste (0.159 MJ)",061312ed-dba6-51c0-bebe-f39fd48bf69c_c42904e4-1b2b-5a10-a773-da7ccbab9ba4
"Nile perch, fillet, raw, at processing {FR} U",FR,layered,"Nile perch, consumption mix {FR} U",2,50.0,0,0,100.0,0,0.0,,52b11476-66af-586c-b68a-bda0f6c8d64e_dbdf5f8b-8454-51bd-867b-68c3921e09b9
"Nile perch, residues, raw, at processing {FR} U",FR,layered,"Nile perch, consumption mix {FR} U",0.0,0.0,0,0,100.0,0,0.0,,3c87c5b0-d190-56e0-bd68-e3f222d68566_bc3601e7-3a5d-5146-acfa-bcf4c11a9a78
"Norway lobster, unshelled, at processing {FR} U",FR,layered,"Lobster, consumption mix {FR} U",2.22,54.95,1.2392,0,100.0,0,133.1,,a79527c4-55f7-5bc3-b1be-a4df560d2dcc_d587f073-6532-563f-99fd-a2859f843193
"Nursehound or lesser spotted dogfish, fillet, raw, at processing {FR} U",FR,layered,"Nursehound or lesser spotted dogfish, consumption mix {FR} U",2.75,63.64,0,0,100.0,0,0.0,,a1d8c7b2-38de-5696-9fe5-41a8d298b925_75a1b481-e058-5914-8ebd-d8b6318d33db
"Nursehound or lesser spotted dogfish, residues, raw, at processing {FR} U",FR,layered,"Nursehound or lesser spotted dogfish, consumption mix {FR} U",0.0,0.0,0,0,100.0,0,0.0,,66b6a249-dc4e-5e3c-8a9f-52ccfdacf5a9_4931bf96-c1cb-5b3f-863b-1292146b20da
"Oat bran, at industrial mill {FR} U",FR,direct,"Oat, consumption mix {FR} U",0.12,0.0,0.0106,0,100.0,0.0039,0.0,Water (0.000478 kg); Water/m3 (3.43e-06 m3),75b4b2e8-2a6c-5c9a-98ee-781f16a6ba5b_17b21fe0-30a0-58e6-8c85-999e695f746e
"Oat bran, at plant {FR} U",FR,layered,"Oat bran, at industrial mill {FR} U",1,0.0,0.0437,0,100.0,0.0162,0.0,,8bb616a3-42f6-5f07-b9a5-26a91620d49c_9b776c98-13b5-553c-a239-57e39d392a3b
"Oat flakes, at plant {FR} U",FR,layered,"Cooking, industrial, 1kg of cooked product {FR} U",1,0.0,0,0,100.0,0,0.0,,2eab820c-dce4-5d4a-8ab5-f77ac8591fb8_168e24be-c194-5eab-969d-5d45d9e04db9
"Oat flour, at industrial mill {FR} U",FR,direct,"Oat, consumption mix {FR} U",0.88,0.0,0.0775,0,100.0,0.0287,0.0,Water (0.0035 kg); Water/m3 (2.52e-05 m3),acd5e8d0-e433-5111-b0ba-04e267376ccb_5a723b8b-95d1-5476-8ca4-c3a7527f7563
"Oat flour, at plant {FR} U",FR,layered,"Oat flour, at industrial mill {FR} U",1,0.0,0.1049,0,100.0,0.0388,0.0,,8a10dd8f-7a5f-5ec5-beab-c8476bf9ba0f_e42f55a0-c893-55d0-b588-76c202e9d510
"Oatmeal flakes, at plant {FR} U",FR,layered,"Oat flour, at plant {FR} U",1,0.0,0,0,100.0,0,0.0,,593af2be-0ac1-5d79-b5e6-aaa122d740e5_b16a3fce-732d-5e48-b200-e6f84a0489aa
"Offal, beef, for direct consumption {FR} U",FR,layered,"Slaughtering and chilling, of beef, industrial production, French production mix, at plant, 1 kg of edible offal {FR} U",1,0.0,0.2675,0.423,100.0,42.149,0.0,,37afd42b-7296-5ca5-80ed-d6a3dd8b31e9_eec2a05b-b9c5-5951-b023-b1f266d13f25
"Offal, beef, for processing {FR} U",FR,layered,"Slaughtering and chilling, of beef, industrial production, French production mix, at plant, 1 kg of edible offal, for processing {FR} U",1,0.0,0.2675,0.423,100.0,42.149,0.0,,be18cf47-1693-5bee-b577-79c5b141f10a_16b28832-bfbb-5f6d-832b-3193cc42f37c
"Offal, chicken, for direct consumption {FR} U",FR,layered,"Offal, chicken, for direct consumption, at slaughterhouse {FR} U",1,0.0,0,0,100.0,0,0.0,,248c3a5e-a42d-5fe7-a7be-41a1917167ae_fb25a403-888a-5a1c-acf3-fe52f4a3ed45
"Offal, chicken, for direct consumption, at slaughterhouse {FR} U",FR,wrapper_wfldb,"Packaging film, low density polyethylene {GLO}| market for | Cut-off, S - Copied from Ecoinvent U",0.05,0.0,0.794,1.4,100.0,13.6,5.28,,7a84dbe9-41dc-549d-aa5b-5d667815a00a_59378302-55df-507e-b89f-4db776bfe25b
"Offal, chicken, for processing {FR} U",FR,layered,"Offal, chicken, for processing, at slaughterhouse {FR} U",1,0.0,0,0,100.0,0,0.0,,9f3d622c-6713-575d-91c2-8187977c47ed_0425099c-c54d-59d6-b56f-42bf1e22ccf3
"Offal, chicken, for processing, at slaughterhouse {FR} U",FR,wrapper_wfldb,"Packaging film, low density polyethylene {GLO}| market for | Cut-off, S - Copied from Ecoinvent U",0.05,0.0,0.794,1.4,100.0,13.6,5.28,,e8a6e2ec-2bc6-5807-9576-a9f32a54874c_1e06cdfc-ef77-5837-8238-457e311cb886
"Offal, duck, for direct consumption {FR} U",FR,layered,"Offal, duck, for direct consumption, at slaughterhouse, proxy {FR} U",1,0.0,0,0,100.0,0,0.0,,ae7fac21-de2a-59b9-83ae-8d16029c4fb3_0c1bae75-51d9-512a-a556-793635dadee2
"Offal, duck, for direct consumption, at slaughterhouse, proxy {FR} U",FR,wrapper_wfldb,"Packaging film, low density polyethylene {GLO}| market for | Cut-off, S - Copied from Ecoinvent U",0.05,0.0,0.794,1.4,100.0,13.6,5.28,,dfdad08e-6f9c-5bb8-a7ba-4948d0518939_5761fae8-ca80-55b2-a83b-4053557ba41e
"Offal, lamb {FR} U",FR,layered,"Slaughtering and chilling, of lamb, industrial production, French production mix, at plant, 1 kg of edible offal {FR} U",1,0.0,0.3416,0.274,100.0,37.1748,0.0,,025f3603-89e1-5d33-b2ba-e6301087ad00_5fac420d-38ee-5080-ad36-8400ba51837c
"Offal, mutton {FR} U",FR,layered,"Slaughtering and chilling, of lamb, industrial production, French production mix, at plant, 1 kg of edible offal {FR} U",1,0.0,0.3416,0.274,100.0,37.1748,0.0,,5329971a-f41a-5277-944b-f7670d3dddbd_ec0cbfc9-0a75-5f56-8492-6faca6d1288f
"Offal, pork {FR} U",FR,layered,"Pork, white offal, for processing, at slaughterhouse gate {FR} U",0.79,0.0,0,0,100.0,0,0.0,,6c8de538-3699-50b3-9bd8-4970dce1f6a5_12efb283-9ac4-531f-90ed-79de8cd68881
"Offal, veal {FR} U",FR,layered,"Slaughtering and chilling, of veal, industrial production, French production mix, at plant, 1 kg of edible offal {FR} U",1,0.0,0.8954,1.0057,100.0,77.0899,0.0,,396e58ac-a733-5097-a8dc-2b021e02931b_6615a98a-2a41-5734-b488-886b1aea73aa
"Oil, from dried deffated black soldier fly protein production, at processing {FR} U",FR,direct,"Black soldier fly fresh larvae, at processing {FR} U",1.25,20.0,0.2976,0.1592,100.0,0,0.0,"Water (0.868 kg); Heat, waste (0.0177 MJ)",62871667-f1c2-549d-b028-219f18e1bedc_17f5a476-9761-5a64-9813-990240d7cc5b
"Olive oil, at plant {ES} U",ES,layered,"Extra Virgin Olive Oil, at plant {ES} U",1,0.0,0.1338,0,100.0,0,13.58,,24080d0a-a2b1-5163-b9f1-2f9e31967dd6_c4e7fd76-4806-5e33-8849-1ff3cbb694b2
"Olive oil, at plant {FR} U",FR,layered,"Extra Virgin Olive Oil, consumption mix {FR} U",1,0.0,0,0,100.0,0,0.0,,67c1cd08-6ce4-558b-a4bc-29c8284b309f_e66bdce9-8edd-5488-a43f-ffd5b802b59e
"Onion, frozen, raw, at processing {FR} U",FR,layered,"Freezing vegetables and ready meals made from vegetables, industrial, 1kg of frozen product {FR} U",1,0.0,0.2886,0.8136,100.0,10.9002,10.0,,df5383d4-73ab-54b0-aa38-812a48300785_b0b055d6-cce4-5904-b88e-50533d6013e8
"Onions, for industrial onion products, peeled, at processing {FR} U",FR,layered,"Onions, for industrial onions products, consumption mix {FR} U",1.25,20.0,0,0,100.0,0,10.0,,99a46467-2239-5de9-92d5-c65a3bc3aca9_c03ac896-1c03-5ad6-8ced-dc5484895984
"Onions, peeled, at processing {FR} U",FR,layered,"Onions, consumption mix {FR} U",1.1,9.09,0,0,100.0,0,10.0,,a06d97ff-0857-5dae-95bc-5bf21f6d92dd_1da80498-2c31-5a5c-92ec-00d53fe1a582
"Orange juice, industrial production, at plant, NFC, 1L {FR} U",FR,direct,"Orange, for processing, consumption mix {GLO} U",2.29,56.33,0.15,0.68,100.0,5.1,129.0,,bb34cf1c-e29a-50aa-a0ec-feb3c9ccd852_80abeaf6-dd2b-5240-8701-a8b6798e1f0c
"Orange, peeled, at processing {FR} U",FR,layered,"Orange, consumption mix {FR} U",1.25,20.0,0,0,100.0,0,25.0,,66f8728e-ee99-5d3c-a6e0-954ddf672928_13a90143-6ee8-54a3-95da-f95714e10b2d
"Palm heart, canned {FR} U",FR,direct,"Canning vegetables, industrial, 1kg of canned product {FR} U",1,0.0,0,0,100.0,0.4427,0.0,,a5e4d12a-57f4-5c99-a0f8-897c7ca60d31_9a22ab83-8003-5475-8974-c1dd7d8dc653
"Palm heart, peeled, at processing {FR} U",FR,layered,"Palm heart, consumption mix {FR} U",1.25,20.0,0,0,100.0,0,25.0,,70bfc14a-f42c-5a5b-abb9-c381a2761e25_e156897e-5206-5adf-acec-f244caacf0f8
"Palm oil, refined, at plant {FR} U",FR,layered,"Palm oil, refined, processed in EU, at plant {RER} U",1,0.0,0.0275,0.2743,100.0,0.1282,0.0,,f4c857c3-e9c0-569b-ab0b-a977ab200726_7c13d2ca-df9b-54f5-b297-af37239d66e7
"Pangasius, fillet, raw, at processing {FR} U",FR,layered,"Pangasius, consumption mix {FR} U",2.27,55.95,0,0,100.0,0,0.0,,cc36ee48-3591-5db7-963a-12e4c5112235_22333360-dff7-5be6-a9dd-2d71946e4799
"Pangasius, residues, raw, at processing {FR} U",FR,layered,"Pangasius, consumption mix {FR} U",0.0,0.0,0,0,100.0,0,0.0,,d691d485-d1b9-57e7-9840-4fb90b1010c3_6b9f935d-01c3-504f-9371-c8a2ad815ef3
"Parmesan cheese, from cow's milk, at plant {FR} U",FR,layered,"Parmesan cheese, from cow's milk, consumption mix {FR} U",1,0.0,0,0,100.0,0,0.0,,0e1437ba-9773-5608-b2bc-17269bd5df3a_9b86efaf-693a-50c4-9296-858262696e7e
"Parsley, peeled, at processing {FR} U",FR,layered,"Parsley, fresh, consumption mix {FR} U",1.1,9.09,0,0,100.0,0,10.0,,59894213-c8cd-5760-bf65-d99f18af3d3f_7def2e55-6479-5601-ac0b-cf0e609bf92e
"Pasta, dried, from durum wheat, for bolognese-style pasta {FR} U",FR,wrapper_wfldb,"Durum wheat, semolina, at plant {GLO} - Adapted from WFLDB U",1010,99.9,160,1848,100.0,310,1000.0,,2d912e0d-41d7-53e4-9365-a7bfe1fae614_11b13343-a730-51f3-a94d-ef7295830f7b
"Peach stone, from frozen peach puree production, at processing {ES} U",ES,wrapper_wfldb,"Carbon dioxide, in air",5181.7,99.98,0,0,100.0,0,0.0,,6e577276-6c52-5a1b-8c85-1e2198a2d95f_a93e8892-febb-524b-b7ae-00aaa32f4e5b
"Peach stone, from frozen peach puree production, at processing {FR} U",FR,layered,"Peach, conventional, national average, at orchard {FR} U",0.0266,0.0,0.0036,0.0018,100.0,0.0184,1.09,,be3a8e85-693b-58ce-8205-7166c1190812_1d9f0b2b-d451-5b52-a6b1-44f8179332c9
"Peach, canned {FR} U",FR,layered,"Canning fruits or vegetables, industrial, 1kg of canned product {FR} U",1,0.0,0,0,100.0,0.384,63.23,,8d66a394-63ce-58b0-bb85-360c187f5293_91575c8c-aca3-55f3-b5ab-c9173b8dbab3
"Peach, pitted, at processing {FR} U",FR,layered,"Peach, consumption mix {FR} U",1.25,20.0,0,0,100.0,0,100.0,,5ab4ca48-f9ab-575b-9956-a8129a18e431_127d1295-28eb-5af7-801f-2f9cc20ec700
"Peanut oil, at plant {FR} U",FR,layered,"Peanut oil, consumption mix {FR} U",1,0.0,0,0,100.0,0,0.0,,5b5675d6-7c0d-5631-986f-1e49b140944d_676130fe-20af-5ae0-b102-ea1141cab028
"Peanut oil, at plant {SN} U",FR,layered,"Peanut oil, at oil mill {SN} U",1,0.0,0.5663,4.2245,100.0,0.2334,0.0,,fd059f11-04a4-5322-883a-ed01a220435d_6e4dac43-6673-5a65-a31f-181d6af60294
"Peanut, unshelled, at processing {FR} U",FR,layered,"Peanut, consumption mix {FR} U",2,50.0,0,0,100.0,0,100.0,,30694ae4-9282-5e3f-b226-e14c570a8425_b17ad039-dc18-5fb5-a85e-794dead2a7c8
"Pear, canned {FR} U",FR,layered,"Canning fruits or vegetables, industrial, 1kg of canned product {FR} U",1,0.0,0,0,100.0,0.384,6.89,,461b7fa7-8be9-50ac-ba7d-31d9509e160c_971c9d1d-1f11-5e8b-92d6-68fad1ca0aeb
"Pear, peeled, at processing {FR} U",FR,layered,"Pear, consumption mix {FR} U",1.1,9.09,0,0,100.0,0,10.0,,00436b70-cd65-5b00-9966-4584063e4541_bb8ba83e-28aa-51a6-bebc-b8b9c561baab
"Pepper, green, peeled, at processing {FR} U",FR,layered,"Green bell pepper, consumption mix {FR} U",1.03,2.91,0,0,100.0,0,3.0,,fba5d13b-be9e-54bb-848e-2c94115eee7a_f88177c6-7d30-5361-a41f-d2811e40d6a2
"Peru sea scallop, unshelled, at processing {FR} U",FR,layered,"Peru sea scallop, consumption mix {FR} U",6.993,85.7,0,0,100.0,0,599.0,,73b6f0b2-d477-59dd-9ad2-4cd9bf159f7e_b6d3e736-1b46-5837-8b99-59d7ee009454
"Petit-Suisse like fresh cream cheese, plain, around 9% fat, at plant {FR} U",FR,layered,"Petit-Suisse like fresh cream cheese, plain, around 9% fat, from cow milk {FR}| yogurt production, from cow milk | Cut-off, U - Adapted from Ecoinvent U",1,0.0,0.2801,0.9699,100.0,6.1305,0.0,,c91600ef-15d3-51a9-ab92-4d327492ae31_f18df49d-5f98-5170-a542-062f9c5fff98
"Petit-Suisse, fresh cream cheese type, fruits flavoured, 2-3% fat, fortified with calcium and vitamin D, at plant {FR} U",FR,layered,"Petit-Suisse, fresh cream cheese type, fruits flavoured, 2-3% fat, fortified with calcium and vitamin D, from cow milk {FR}| yogurt production, from cow milk | Cut-off, U - Adapted from Ecoinvent U",1,0.0,0.2764,0.9699,100.0,4.2819,0.0,,23383ff8-564d-57f1-ab9b-e478ab830feb_57db1af6-7595-5d1a-a61c-7ac6528a79f7
"Petit-Suisse, fresh cream cheese type, plain, around 4% fat, at plant {FR} U",FR,layered,"Petit-Suisse, fresh cream cheese type, plain, around 4% fat, from cow milk {FR}| yogurt production, from cow milk | Cut-off, U - Adapted from Ecoinvent U",1,0.0,0.2771,0.9699,100.0,4.6214,0.0,,3b114136-2e9d-5630-8969-32f4c5dffba2_f950fd3e-86a1-5334-a9cd-ce5ec98c29c2
"Petit-Suisse, fresh cream cheese type, plain, fat free, at plant {FR} U",FR,layered,"Petit-Suisse, fresh cream cheese type, plain, fat free, from cow milk {FR}| yogurt production, from cow milk | Cut-off, U - Adapted from Ecoinvent U",1,0.0,0.2752,0.9699,100.0,3.6405,0.0,,81a8dc55-91fd-506f-a4a1-378bdf1f6826_3fd630cc-7d4e-550c-8e68-0512028751bd
"Petit-Suisse, fresh cream cheese type, with fruits, 2-3% fat, at plant {FR} U",FR,layered,"Petit-Suisse, fresh cream cheese type, with fruits, 2-3% fat, from cow milk {FR}| yogurt production, from cow milk | Cut-off, U - Adapted from Ecoinvent U",1,0.0,0.2764,0.9699,100.0,4.2819,0.0,,ad83050d-2e3a-51a6-be5c-cc35d8861a38_e9641888-3b1e-5785-bf71-a4a33db44355
"Petit-Suisse, fresh cream cheese type, with fruits, 2-3% fat, fortified with calcium and vitamin D, at plant {FR} U",FR,layered,"Petit-Suisse, fresh cream cheese type, with fruits, 2-3% fat, fortified with calcium and vitamin D, from cow milk {FR}| yogurt production, from cow milk | Cut-off, U - Adapted from Ecoinvent U",1,0.0,0.2764,0.9699,100.0,4.2819,0.0,,86c6df79-2f9f-5b4b-bac8-425076afccdf_4a2414fc-7a82-522e-92c5-72e452180d09
"Pine nut, unshelled, at processing {FR} U",FR,layered,"Pine nut, consumption mix {FR} U",2,50.0,0,0,100.0,0,100.0,,1d6045ac-c7e4-58c3-a42f-9afc4f50b05a_8c28923b-73ef-5f5d-86ce-129c17919197
"Pineapple juice, pure juice, at plant {CR} U",CR,layered,"Pineapple juice, pure juice, at processing {CR} U",1,0.0,0,0,100.0,0,29.5,,c77e2d0b-df9e-5fae-a280-33e21884f2c6_fac63753-c241-5b42-a9f2-e8616627e65b
"Pineapple juice, pure juice, at processing {CR} U",CR,wrapper_wfldb,"Carbon dioxide, in air",13696.3433,99.99,0,0,100.0,0,0.0,,bbb32d74-3daa-5285-892c-95a739530d7d_454cf63c-315c-51b1-ac0e-1c79778df60e
"Pineapple juice, pure juice, at processing {KE} U",KE,layered,"Pineapple, at farm {KE} U",1.8613,46.28,0.0344,0.1276,100.0,1.3014,29.5,,3187d4de-f1b8-5212-82f1-764716b694a6_e67c261d-1348-5987-89aa-3e407f00a632
"Pineapple juice, pure juice, at processing {TH} U",TH,layered,"Pineapple, at farm {TH} U",1.8613,46.28,0.0344,0.1276,100.0,1.3014,29.5,,b6669879-6235-5b21-bdd6-53bb9f588b3a_67159261-3799-5712-ba44-385c671c086f
"Pineapple juice, pure juice, filled, at plant {FR} U",FR,layered,"Pineapple juice, pure juice, consumption mix {FR} U",1,0.0,0.0109,0,100.0,0.0632,0.0,,722aa6dd-f3e0-5013-8396-b9f8e22e9603_cd307221-def8-5bac-814f-248d68996949
"Pineapple, canned {FR} U",FR,layered,"Canning fruits or vegetables, industrial, 1kg of canned product {FR} U",1,0.0,0,0,100.0,0.384,63.23,,32050596-cd74-571e-bb2e-ef246ce9ea79_391c256f-87e8-5bd9-9a02-afed6c4a9dbd
"Pineapple, peeled, at processing {FR} U",FR,layered,"Pineapple, consumption mix {FR} U",2,50.0,0,0,100.0,0,100.0,,a217ef6d-5f2c-5c00-97c4-6cbdec2714fa_326f88fd-f0ea-5858-9839-d7aaeb68551b
"Plum, pitted, at processing {FR} U",FR,layered,"Plum, consumption mix {FR} U",1.25,20.0,0,0,100.0,0,25.0,,981f3019-9876-5d79-b43b-2bda4f3fa3a9_bf5d8988-a74f-50be-88cb-778824b096d1
"Pollack, fillet, raw, at processing {FR} U",FR,layered,"Pollack, consumption mix {FR} U",2.75,63.64,0,0,100.0,0,0.0,,b803df2c-e558-51b2-a7ba-ee503b687088_ed8679c7-e6d9-58cf-ade2-4c5da02e1748
"Pollack, residues, raw, at processing {FR} U",FR,layered,"Pollack, consumption mix {FR} U",0.0,0.0,0,0,100.0,0,0.0,,ccc363cb-a3e3-5dbe-8ad8-0f5c1cf31431_0b2109c7-8ba9-531c-b1dd-5b562c14e1c6
"Pomegranate, peeled, at processing {FR} U",FR,layered,"Pomegranate, consumption mix {FR} U",1.25,20.0,0,0,100.0,0,25.0,,2fa25d83-b7b0-5158-87ab-6cd37c409bf1_40f8c2aa-1b01-5a3f-a931-c4458b12be90
"Pond smelt, fillet, raw, at processing {FR} U",FR,layered,"Pond smelt, consumption mix {FR} U",2,50.0,0,0,100.0,0,0.0,,b8c6695b-284d-5406-8469-3f8936bed376_f366dfda-32b0-5325-bd9b-62751ff1ce35
"Pond smelt, residues, raw, at processing {FR} U",FR,layered,"Pond smelt, consumption mix {FR} U",0.0,0.0,0,0,100.0,0,0.0,,28a7c780-21dd-55df-976f-760ac7689e34_a7bd8174-c7f8-5910-a33e-3035242ffa7b
"Pork fat, raw, at plant {FR} U",FR,layered,"Pork, rind and fat, for processing, at slaughterhouse gate {FR} U",1,0.0,0,0,100.0,0,0.0,,5452f013-1a8d-5de7-9293-42d73c00ad85_98649f6e-a8ff-509f-b5a9-cbba0181d15e
"Potato flakes, dehydrated, at plant {FR} U",FR,layered,"Potato, peeled, at processing {FR} U",3.86,74.09,6.3693,0,100.0,0,38.6,,41f2be73-512e-5b5a-babf-c053b35847dc_623757ef-2dfc-5b58-9f29-82fca513b242
"Potato, canned {FR} U",FR,layered,"Canning fruits or vegetables, industrial, 1kg of canned product {FR} U",1,0.0,0,0,100.0,0.384,7.94,,8d3d7b3a-9999-5845-b73f-17a0aa1acd00_e505d8cf-23dc-503d-a478-d870b0ea300d
"Potato, peeled, at processing {FR} U",FR,layered,"Potato, consumption mix {FR} U",1.1,9.09,0,0,100.0,0,10.0,,b3b0e0e8-4f5a-5ead-a57b-b2c5ff67f1e2_cabcfce6-4dbd-5fdf-9d67-b939c42f4435
"Potato, pre-fried into cubes, frozen, at processing {FR} U",FR,layered,"Potato, consumption mix {FR} U",1.1,9.09,0.2906,0.8136,100.0,10.9002,10.0,,7ac03606-2516-5858-95d6-a28df83cce8f_ee90b52d-3579-5979-ab55-110a5f867ce8
"Pouting, fillet, raw, at processing {FR} U",FR,layered,"Pouting, consumption mix {FR} U",2.75,63.64,0,0,100.0,0,0.0,,ee356cd4-634a-5745-9cce-24b83647441e_35b81603-41c8-5a5f-ba96-4a2a0213ecd4
"Pouting, residues, raw, at processing {FR} U",FR,layered,"Pouting, consumption mix {FR} U",0.0,0.0,0,0,100.0,0,0.0,,9ef03e6e-f96f-54a1-986f-30324ff0d8c0_253c20d6-9ecf-553f-b334-b6975b52a6c4
"Processed cheese, double cream, around 31% fat, at plant {FR} U",FR,layered,"Soft cheese, from cow's milk, consumption mix {FR} U",1,0.0,0,0,100.0,0,0.0,,4b5f3d58-0d28-5aa6-a8d1-e6ab2764be9d_6d875d8f-efe5-5081-a1b3-a54b7ed0f1b6
"Processed cheese, in slices, at plant {FR} U",FR,layered,"Soft cheese, from cow's milk, consumption mix {FR} U",1,0.0,0,0,100.0,0,0.0,,f476e4e2-a1c6-5ea1-acf7-1f09a3f4d389_97a9f5c1-7acf-5d93-8026-9d7059946083
"Processed tomatoes, for industrial tomato pasta type products, peeled, at plant {FR} U",FR,layered,"Processed tomatoes, for industrial tomato pasta type products {FR} U",1.0309,3.0,0,0,100.0,0,3.09,,b81fb01c-7808-567b-99d0-b1487e69dc3e_19b7531c-1bd7-521b-8118-89f9c848446f
"Pumpkin, canned {FR} U",FR,direct,"Canning vegetables, industrial, 1kg of canned product {FR} U",1,0.0,0,0,100.0,0.3667,0.0,,1c258d53-0af0-55a0-9175-9b4985cb13ae_c0fb00d2-8558-509e-9cc7-30cf8731584f
"Pumpkin, peeled, at processing {FR} U",FR,layered,"Pumpkin, consumption mix {FR} U",1.25,20.0,0,0,100.0,0,25.0,,53595f76-4835-5ba9-b5a5-31a6946d0c06_8c5dc0f5-aef7-51e4-b1c9-fbd8ce84c229
"Quinoa FR, conventional, at plant {FR} U",FR,direct,"Quinoa from France, consumption mix {FR} U",1.0953,8.7,0.0437,0.5056,100.0,6.9916,9.53,"Heat, waste (0.202 MJ)",4e77f075-f7ca-5662-bb8c-af42b3a2ee48_7562be23-2689-5e6a-bee4-93dfd70e06a4
"Rainbow trout, fillet, raw, at processing {FR} U",FR,layered,"Rainbow trout, consumption mix {FR} U",2,50.0,0,0,100.0,0,0.0,,02bb5072-e803-57e2-9178-1f28afdce105_ec0bc3e8-a4b2-5257-a630-ee76085042aa
"Rainbow trout, residues, raw, at processing {FR} U",FR,layered,"Rainbow trout, consumption mix {FR} U",0.0,0.0,0,0,100.0,0,0.0,,383be06f-d4c4-5e00-b95f-caad21a3f030_791a0e1f-d23a-5171-8e60-c97bac24505a
"Rapeseed oil, at plant {FR} U",FR,layered,"Rapeseed oil, refined, at oil mill {FR} U",1,0.0,0.2014,1.5094,100.0,0.9815,0.0,,b2c9ad26-6d17-591c-9a14-cf22bf1e57eb_14d6376c-43f5-5b70-bc12-70b0c9df8985
"Rapeseed oil, for grated carrots {FR} U",FR,layered,"Rapeseed oil, refined, at oil mill {FR} U",1,0.0,0.2014,1.5094,100.0,0.9815,0.0,,8d5933b1-a230-5dd2-8dc3-b5345d94fad6_f96cc8aa-ceb8-5ec0-8955-258f2685b1d2
"Raspberries for coulis, frozen, at processing {RS} U",RS,layered,"Freezing for raw fruits, industrial, 1kg of frozen product, processing, at plant {RS} U",1.01,0.99,0.5132,0.0954,100.0,0,16.49,,3a41934a-effe-53b2-93c3-bfed81d9a5df_2bf71548-be4c-5997-8453-b6a1da58afcf
"Raspberries, peeled, at processing {FR} U",FR,layered,"Raspberries, consumption mix {FR} U",1.03,2.91,0,0,100.0,0,3.0,,94e9243c-f9a4-5cd1-8473-ee08041ba703_4023c9a7-9371-5d87-a0a3-bc9a1dd7cb97
"Raspberries, washed and sorted for coulis, at processing {RS} U",RS,layered,"Raspberry for coulis, consumption mix {FR} U",1.1534,13.3,0.0031,0,100.0,0.6194,15.34,,876031c0-9989-54eb-9798-211425021211_2c9c8062-5b50-5a22-8a75-4de2b591b9ac
"Ray, fillet, raw, at processing {FR} U",FR,layered,"Ray, consumption mix {FR} U",2.75,63.64,0,0,100.0,0,0.0,,05c4a766-a6b9-5d4c-bbf9-c5d0ae57930c_45649941-b989-5a17-9b7f-19202eac3284
"Ray, residues, raw, at processing {FR} U",FR,layered,"Ray, consumption mix {FR} U",0.0,0.0,0,0,100.0,0,0.0,,43dcc94b-3cac-58e2-9dd4-b465f0f03412_3a9590c5-6c2a-5b0d-b07f-135d061b8628
"Reblochon cheese, from cow's milk, at plant {FR} U",FR,layered,"Reblochon cheese, from cow's milk, consumption mix {FR} U",1,0.0,0,0,100.0,0,0.0,,a56d6b46-962c-5a02-af61-de675c8b7622_58676d94-da2a-59a8-a2c2-58925925bb98
"Red endive, peeled, at processing {FR} U",FR,layered,"Red endive, consumption mix {FR} U",1.25,20.0,0,0,100.0,0,25.0,,65db8f3f-ee21-524e-bb40-6e2ac612703e_25952e2b-22cf-5e15-9b43-f0ec584b445c
"Red gurnard, fillet, raw, at processing {FR} U",FR,layered,"Red gurnard, consumption mix {FR} U",2.4,58.33,0,0,100.0,0,0.0,,42337f0e-a893-5bff-bb19-f816830070f2_dcc33c86-570d-5fa3-869b-113cfc10afb0
"Red gurnard, residues, raw, at processing {FR} U",FR,layered,"Red gurnard, consumption mix {FR} U",0.0,0.0,0,0,100.0,0,0.0,,af73d0a6-7689-5ffb-83a1-59a572f47d34_b0c9b5b5-710d-53a6-87be-a4fe810e401f
"Red kidney bean, canned {FR} U",FR,direct,"Canning vegetables, industrial, 1kg of canned product {FR} U",1,0.0,0,0,100.0,0.3677,0.0,,20773cad-5638-503d-aed8-776d4edd313f_a1ca33d7-d054-550e-85b5-748795912e00
"Rice bran, at industrial mill {FR} U",FR,direct,"Paddy rice, consumption mix {FR} U",0.12,0.0,0.0106,0,100.0,0.0039,0.0,Water (0.000478 kg); Water/m3 (3.43e-06 m3),139b435f-a498-5b3d-b784-e0fb287b4409_d3edeec3-9264-50f0-b3ab-7c231568dd99
"Rice bran, at industrial mill {IT} U",IT,direct,"Paddy rice, consumption mix {IT} U",0.12,0.0,0.0106,0,88.0,0.0039,0.0,Water (0.000478 kg),e5202589-21ef-5a98-98a5-67540eaa5d99_d0e21885-6fa3-533d-a188-8e34c6a51630
"Rice bran, at plant {FR} U",FR,layered,"Rice bran, at industrial mill {FR} U",1,0.0,0.0437,0,100.0,0.0162,0.0,,0db8c406-11d8-5121-bf8b-e07facb9054b_fff85990-241c-5ec1-9f07-dc2dc77d7425
"Rice flour, at industrial mill {FR} U",FR,direct,"Paddy rice, consumption mix {FR} U",0.88,0.0,0.0775,0,100.0,0.0287,0.0,Water (0.0035 kg); Water/m3 (2.52e-05 m3),7315b56a-7bbc-5665-9ea7-a419897c3166_1a64a5bd-2653-5a90-b4fb-dea1b70618c1
"Rice flour, at industrial mill {IT} U",IT,direct,"Paddy rice, consumption mix {IT} U",0.88,0.0,0.0775,0,88.0,0.0287,0.0,Water (0.0035 kg),9e858b2d-50b5-5ee8-8f1f-4c88e9fcd2ae_aa3eec10-d318-550e-8bee-b303639e4d62
"Rice flour, at plant {FR} U",FR,layered,"Rice flour, at industrial mill {FR} U",1,0.0,0.1049,0,100.0,0.0388,0.0,,683401de-e103-575f-ae53-b6c9db589281_2cc7431f-1946-50cc-bee4-8b99bda254b8
"Rice flour, at plant {IT} U",IT,layered,"Rice flour, at industrial mill {IT} U",1,0.0,0.1049,0,100.0,0.0388,0.0,,5cf73a29-fe45-5960-944f-7e8240b3d6da_b912c5ff-a339-5306-9a3f-aa586e8e3d9a
"Rice noodle, dried, at plant {FR} U",FR,layered,"Rice noodle, recipe, at plant {FR} U",1.2195,18.0,0.5193,0,100.0,0.7054,0.0,,fd364af1-33c9-5a21-884b-cdd91bc5e28d_d7d7bd3c-65fb-5137-81de-3aa60e14503c
"Roasted and grinded cossettes, at processing {FR} U",FR,layered,"Chicory cossettes, dehydrated at processing {FR} U",2.1044,52.48,15.661,4.7941,100.0,0.5708,0.0,Water (0.422 kg),d17b6a2e-27d2-5c42-b41f-863c3a463743_831cdd80-13b6-5351-b743-b77b12c33bec
"Roquefort cheese, from ewe's milk, at plant {FR} U",FR,layered,"Roquefort cheese, from ewe's milk, consumption mix {FR} U",1,0.0,0,0,100.0,0,0.0,,a16e1a17-8730-5b23-8f18-dbeeed8568eb_9e7f66da-6c3c-5892-a7b5-9b6e850b8d99
"Roundnose grenadier, fillet, raw, at processing {FR} U",FR,layered,"Roundnose grenadier, consumption mix {FR} U",2.75,63.64,0,0,100.0,0,0.0,,887a1b34-b894-5f21-a074-f56fd3bc1921_4c456b21-b9b9-5c5b-bf4e-b1345956a350
"Roundnose grenadier, residues, raw, at processing {FR} U",FR,layered,"Roundnose grenadier, consumption mix {FR} U",0.0,0.0,0,0,100.0,0,0.0,,710751cb-4b2e-5e95-9674-08e08b52afb6_c2da3f5a-e8a1-596b-b1f6-e9a13b9a33e5
"Rye bran, at industrial mill {FR} U",FR,direct,"Rye, consumption mix {FR} U",0.12,0.0,0.0106,0,100.0,0.0039,0.0,Water (0.000478 kg); Water/m3 (3.43e-06 m3),11611b27-8d98-522c-9714-c7cf790ba971_f22198b0-0b30-5248-bf4c-4fe50645b193
"Rye flour, at industrial mill {FR} U",FR,direct,"Rye, consumption mix {FR} U",0.88,0.0,0.0775,0,100.0,0.0287,0.0,Water (0.0035 kg); Water/m3 (2.52e-05 m3),f61dcfa6-c5ab-56f2-9302-a393355202bf_b536ff01-64a4-5c1b-98d8-ba46579b35c0
"Rye flour, at plant {FR} U",FR,layered,"Rye flour, at industrial mill {FR} U",1,0.0,0.1049,0,100.0,0.0388,0.0,,ec2a7cff-1721-5770-9cb9-a88812fe5174_9b66beac-e207-52c2-a9cc-2914183f765c
"Saithe, fillet, raw, at processing {FR} U",FR,layered,"Saithe, consumption mix {FR} U",2.7548,63.7,0,0,100.0,0,0.0,,13c7371d-cbb4-596c-a87b-bfe7ae204146_827b178c-ae09-542c-9db5-6de15b4e9682
"Saithe, fillet, raw, frozen at processing {FR} U",FR,layered,"Saithe, consumption mix {FR} U",2.7548,63.7,0,0,100.0,0,0.0,,e4523e08-ac28-5269-8b04-c72ed0409de9_6143f2e8-0df1-5bed-82b4-0bb5fb53b947
"Saithe, residues, raw, at processing {FR} U",FR,layered,"Saithe, consumption mix {FR} U",0.0,0.0,0,0,100.0,0,0.0,,bdcbbc63-a405-5866-b3b4-010c435f8f4e_0a7b0f31-1cb8-560d-af7b-e1ccc93de144
"Salema, fillet, raw, at processing {FR} U",FR,layered,"Salema, consumption mix {FR} U",2.4,58.33,0,0,100.0,0,0.0,,c9b4a3df-525b-5522-891b-a8c75e0aa824_d79ca6a9-e11b-537e-a0fb-6d024ad074a8
"Salema, residues, raw, at processing {FR} U",FR,layered,"Salema, consumption mix {FR} U",0.0,0.0,0,0,100.0,0,0.0,,1b9ddded-a76a-5a60-a10e-5831c0b4aa8f_5a01668d-803a-5c5b-86de-d0ad9362c57d
"Salmon trout, fillet, raw, at processing {FR} U",FR,layered,"Salmon trout, consumption mix {FR} U",2,50.0,0,0,100.0,0,0.0,,e4711d53-c884-531e-9a18-5bc0df0c31f7_89e14e24-32b1-5338-8b75-444aa96cd054
"Salmon trout, residues, raw, at processing {FR} U",FR,layered,"Salmon trout, consumption mix {FR} U",0.0,0.0,0,0,100.0,0,0.0,,96b64c45-c18a-524c-b823-b406f87e80a1_147f55f8-2fd7-5036-82b9-5798cb067e4d
"Salmon, canned {FR} U",FR,layered,"Fish canning, in brine {FR} U",1,0.0,0.1531,0,100.0,0,0.0,,ab664235-3b05-5320-9a12-a288f8e66208_d062bd64-cac2-5c23-a883-f6adc9090204
"Salmon, fillet, raw, at processing {FR} U",FR,layered,"Salmon, fillet, raw, consumption mix {FR} U",1,0.0,0,0,100.0,6.5025,7.51,,ebffff45-f44f-56a3-9645-2824b6e85f98_e3b57c7a-bb70-5790-8507-eff47d0e4171
"Salmon, offal, at trimming {FR} U",FR,direct,"Farmed salmon, gutted, at plant {NO} U",0.0277,0.0,0,0,100.0,0.1098,0.09,,74bcc575-b3f6-55cb-8763-0d7aade4b459_f7122266-db81-5b5b-a4b6-9e75a05e6113
"Salmon, offal, head removed and gutting {NO} U",NO,direct,"Salmon, farmed, conventional, at farm gate {NO} U",0.0084,0.0,0.0009,0,100.0,0,0.01,,45da18d6-16db-5535-8965-82eeb194a3d8_3930ed87-0fa8-5527-82dd-2ece9dbf10c3
"Salmon, smoked, at processing {FR} U",FR,direct,"Salmon, fillet, raw, consumption mix {FR} U",1.3199,24.23,1.9958,0.9603,100.0,24.7,3.32,,ab46c110-6abb-5840-8dc2-cd39fe1cf302_a80e2c41-b7ea-5a8a-af8e-07bed087f28b
"Salsify, canned {FR} U",FR,direct,"Canning root vegetables, industrial, 1kg of canned product {FR} U",1,0.0,0,0,100.0,0.3302,0.0,,917654b1-bd61-5028-80da-495df5439cdd_c88798f3-9488-5634-afe1-f1817f1ff18a
"Salsify, frozen, at processing {FR} U",FR,layered,"Freezing vegetables and ready meals made from vegetables, industrial, 1kg of frozen product {FR} U",1,0.0,0.29,0.8136,100.0,10.9002,25.0,,b0694365-7573-5cd1-becb-9d4c773780af_ee25bf81-6feb-514e-9253-06ed4102ba86
"Salsify, peeled, at processing {FR} U",FR,layered,"Salsify, consumption mix {FR} U",1.25,20.0,0,0,100.0,0,25.0,,365334aa-c522-564e-87b7-c0e557f089e4_b12539e2-61e9-5599-8e3d-c4fc74554052
Salt {FR} U,FR,layered,"Salt, consumption mix {FR} U",1,0.0,0,0,100.0,0,0.0,,ae8f2d06-d2c9-5ed7-9f8c-2818d580a7b3_1e1e2b8a-9301-55c8-9708-81747bc01956
"Salt, for canned Yellowfin tuna {CI} U",CI,layered,"Sodium chloride, powder {GLO}| market for | Cut-off, S - Copied from Ecoinvent U",1,0.0,0,0,100.0,0,0.0,,c040997b-bf7b-5fbb-82d3-5923dca01bc7_6e0c8dff-8a5b-561c-a60e-d762f10c388b
"Salt, for processed products {FR} U",FR,layered,"Sodium chloride, powder {GLO}| market for | Cut-off, S - Copied from Ecoinvent U",1,0.0,0,0,100.0,0,0.0,,dfa50ae5-47dc-567b-b1d8-99e7a6524fad_7a746934-03c7-59ae-ba29-a5908fd2b005
"Sap, maple, at plant {CA} U",CA,direct,"Lime, hydrated, packed {RoW}| market for lime, hydrated, packed | Cut-off, S - Copied from Ecoinvent U",0.0509,0.0,0.5674,0,100.0,0,0.0,"Carbon dioxide, fossil (0.0224 kg)",5a6cdb75-8d26-50c6-9659-332d09d41b45_15119d54-62f3-556a-9815-acd407ba0f4e
"Scallop, unshelled, at processing {FR} U",FR,layered,"Scallop, consumption mix {FR} U",6.993,85.7,0,0,100.0,0,599.0,,601da61e-5765-5c40-b0aa-57eae4780302_39082cec-bf2e-53d8-99ed-ab452aff9574
"Sea trout, fillet, raw, at processing {FR} U",FR,layered,"Sea trout, consumption mix {FR} U",2,50.0,0,0,100.0,0,0.0,,26160611-fb3e-5d4a-acf9-cb75275383ac_0b628572-c971-594c-97fd-a2bf8910dccf
"Sea trout, residues, raw, at processing {FR} U",FR,layered,"Sea trout, consumption mix {FR} U",0.0,0.0,0,0,100.0,0,0.0,,0626fb3f-1d03-52e9-ba3a-f6c51d6f959c_6f5c3461-afc3-591c-92d5-166393edaed4
"Seafood, unshelled, at processing {FR} U",FR,layered,"[Dummy] Seafood, consumption mix {FR} U",2.22,54.95,0,0,100.0,0,122.0,,0c250a03-0ed4-512a-a68e-a9d0aa38de6a_c00fc875-d51c-5928-8900-b220daab56d0
"Semi-skimmed milk, at plant {FR} U",FR,layered,"Semi-skimmed milk, pasteurisation, from raw milk to semi-skimmed milk, at 72 degrees Celsius for 30 s., French production mix, at plant, 1 kg of pasteurised milk (PGi) {FR} U",1,0.0,0.0373,0.1118,100.0,0,0.0,,4f1ebbde-443a-54ea-bd42-991a47a4e4d9_effd368f-64fd-511f-b18d-4ddf438f1b2e
"Shallot, peeled, at processing {FR} U",FR,layered,"Shallot, consumption mix {FR} U",1.1,9.09,0,0,100.0,0,10.0,,19f1103f-2cc4-551d-a232-02e0a7cdd27e_cf2e64b5-e633-527a-bdce-16eff7141896
"Shallow-water Cape hake, fillet, raw, frozen at processing {FR} U",FR,layered,"Shallow-water Cape hake, consumption mix {FR} U",2.5,60.0,0,0,100.0,0,0.0,,6fc236bc-1824-5d59-8f23-e6a97e5c10cd_2de7612f-5132-5463-9216-56045cf1bac1
"Shallow-water Cape hake, residues, raw, frozen at processing {FR} U",FR,layered,"Fish freezing, small fish {RoW}| fish freezing, small fish | Cut-off, S - Copied from Ecoinvent U",0.0,0.0,0,0,100.0,0,0.0,,3d16f7ae-6e41-518f-8dae-6d15e47bef34_b49ae793-46e7-5bdd-bfe2-b8d90e59ea71
"Shark, fillet, raw, at processing {FR} U",FR,layered,"Shark, consumption mix {FR} U",2.75,63.64,0,0,100.0,0,0.0,,83a01383-2efc-5edf-924d-33862e47b07b_0ff60e47-4e30-5c91-b626-43c1e0bdf0f8
"Shark, residues, raw, at processing {FR} U",FR,layered,"Shark, consumption mix {FR} U",0.0,0.0,0,0,100.0,0,0.0,,23c02f46-bd32-52de-ae77-41052eb39801_c3afbd64-6b12-5dc3-b1ef-d197ff72e1f1
"Shoulder, pork, at plant {FR} U",FR,layered,"Meat without bone, pork {FR} U",12.45,91.97,0,0,100.0,0,0.0,,9c7376cc-4697-5113-b96a-072e661bf287_e0ab5e8f-1f2a-5505-b618-39f638b89c96
"Shrimp feed, in mass unit {FR} U",FR,direct,"Fishmeal, 63-65% protein {GLO}| market for fishmeal, 63-65% protein | Cut-off, S - Copied from Ecoinvent U",442,99.77,2.989,0,100.0,0,750.7,Waste water (180 kg); Particulates (0.48 kg); COD (Chemical Oxygen Demand) (0.312 kg),3da1084b-5e89-50bb-8304-c93b3ef758e9_743ae650-c009-5ab6-8449-5b3a21d2df55
"Shrimp, fillet, raw, frozen at processing {FR} U",FR,layered,"Shrimps, consumption mix {FR} U",2.2222,55.0,0,0,100.0,0,157.47,,733bbd0d-b323-559e-bf3a-447c2d3ad39f_3df45769-2904-5ef3-a61a-c8e1d2626119
"Skimmed milk, at plant {FR} U",FR,layered,"Skimmed milk, pasteurisation, from raw milk to skimmed milk, at 72 degrees Celsius for 30 s., French production mix, at plant, 1 kg of pasteurised milk (PGi) {FR} U",1,0.0,0.0365,0.1118,100.0,0,0.0,,0155cb99-6418-59e2-8b15-28eca7dfea66_0373e5a0-2f04-5e9b-88ab-95f8acc6563f
"Skipjack tuna, fillet, raw, at processing {FR} U",FR,layered,"Skipjack tuna, consumption mix {FR} U",1.67,40.12,0,0,100.0,0,0.0,,6f18f68e-2c1b-5a53-83dc-3690e042127d_5726d796-4c4d-5ad9-aad7-da480181bb42
"Skipjack tuna, residues, raw, at processing {FR} U",FR,layered,"Skipjack tuna, consumption mix {FR} U",0.0,0.0,0,0,100.0,0,0.0,,10045ad5-587b-5cac-bd76-e64ac083bd12_06c9bb31-0e3a-5eec-a7e6-b69c10c9fd8e
"Snapper, fillet, raw, at processing {FR} U",FR,layered,"Snapper, consumption mix {FR} U",1.67,40.12,0,0,100.0,0,0.0,,a78e0f2e-bcc5-5a12-8ee3-1651050240bb_72029efe-73f6-5806-bfa4-a2bcb36ad188
"Snapper, residues, raw, at processing {FR} U",FR,layered,"Snapper, consumption mix {FR} U",0.0,0.0,0,0,100.0,0,0.0,,dd8922c8-e2db-5439-9de3-5f27764df5e5_e905bfe0-4a3a-5981-9454-b5ee1ffc6420
"Soup, Asian-style with noodles, dehydrated, at plant {FR} U",FR,layered,"Soup, Asian-style with noodles, prepacked, to be reheated, recipe, at plant {FR} U",18.09,94.47,63.385,0,100.0,0,0.0,,8a499b42-daec-572c-9e6b-be794195e75c_9fc4424c-5012-5833-9a3e-69c0c6dda5d3
"Soup, Moroccan, dehydrated, at plant {FR} U",FR,layered,"Soup, chorba frik, w meat and frik, recipe, at plant {FR} U",18.09,94.47,52.0176,0,100.0,151.4272,0.0,,dce61171-ccd3-554f-bae2-90e77382b3df_9e6e3af1-f115-5d6c-927b-e1dd45b44cf0
"Soup, asparagus, dehydrated, at plant {FR} U",FR,layered,"Soup, asparagus, prepacked, to be reheated, recipe, at plant {FR} U",18.09,94.47,51.771,0,100.0,39.6242,0.0,,349aa1b7-a766-553b-9210-ab94a225c4fb_accd4040-7458-52b6-a359-194ca52e08a6
"Soup, cereals and vegetables, dehydrated, at plant {FR} U",FR,layered,"Soup, tomato and vermicelli, dehydrated, at plant {FR} U",1,0.0,0,0,100.0,0,0.0,,cbe16f9a-b563-5e72-bdfb-abd533240cc7_69c05fe7-aec8-57b4-bf78-7d038b347769
"Soup, chicken and vermicelli, dehydrated, at plant {FR} U",FR,layered,"Soup, chicken and vermicelli, prepacked, to be reheated, recipe, at plant {FR} U",18.09,94.47,51.2531,0,100.0,38.0838,0.0,,ef8d39a3-5f04-56ad-a835-1cb54b5d4f13_4beca7dc-d27c-52b8-a466-7d203cf85c3e
"Soup, fish and/or crustacean, dehydrated, at plant {FR} U",FR,layered,"Soup, fish and/or crustacean, prepacked, to be reheated, recipe, at plant {FR} U",18.09,94.47,53.3168,0,100.0,0,0.0,,8b7dbce0-2c12-50fe-b109-a808c0958730_fee6d37e-5a0d-5a1c-8371-234c46fea27f
"Soup, green vegetables, dehydrated, at plant {FR} U",FR,layered,"Soup, green vegetables, prepacked, to be reheated, recipe, at plant {FR} U",18.09,94.47,51.1386,0,100.0,35.1657,0.0,,915d4d83-5e58-5253-a3df-4eb5448309f2_e8ff53d4-bfba-5cf0-ab98-a8dd62dabadd
"Soup, leek and potato, dehydrated, at plant {FR} U",FR,layered,"Soup, leek and potato, prepacked, to be reheated, recipe, at plant {FR} U",18.09,94.47,51.1145,0,100.0,40.2059,0.0,,fd08bc5d-a9a3-591d-8265-22e65089e790_e854e402-6764-5325-93b0-e70638d1d028
"Soup, minestrone, dehydrated, at plant {FR} U",FR,layered,"Soup, minestrone, prepacked, to be reheated, recipe, at plant {FR} U",18.09,94.47,51.16,0,100.0,0,0.0,,18db395f-c319-5cff-a491-a56deb90acc6_f1faab7d-336d-545c-a7c2-848c9cf26cb4
"Soup, mixed vegetables, dehydrated, at plant {FR} U",FR,layered,"Soup, mixed vegetables, prepacked, to be reheated, recipe, at plant {FR} U",18.09,94.47,51.1291,0,100.0,34.1638,0.0,,92e2ffe2-f931-5368-b37e-ef2f66c42b0b_1005603f-1cd3-56b6-811a-32583bdb555d
"Soup, mushrooms, dehydrated, at plant {FR} U",FR,layered,"Soup, mushrooms, prepacked, to be reheated, recipe, at plant {FR} U",18.09,94.47,52.8313,0,100.0,0,0.0,,5931c8e8-237b-5da5-bfb1-066f278c40a5_75de8712-c91f-527e-8105-a9c5d1927284
"Soup, onions, dehydrated, at plant {FR} U",FR,layered,"Soup, onions, prepacked, to be reheated, recipe, at plant {FR} U",18.09,94.47,51.2967,0,100.0,28.0907,0.0,,650ffd95-51a4-5385-b9c1-ad639ce7f529_74497178-b4fe-569f-ad96-fe38d5178c45
"Soup, pistou (basil, garlic and olive oil), dehydrated, at plant {FR} U",FR,layered,"Soup, pistou (basil, garlic and olive oil), prepacked, to be reheated, recipe, at plant {FR} U",18.09,94.47,51.0517,0,100.0,33.5849,0.0,,39dad174-f894-5b45-a0ef-b4934b2e25b7_7fddbd7b-7abe-5261-86c2-017bf35c417e
"Soup, pumpkin, dehydrated, at plant {FR} U",FR,layered,"Soup, pumpkin, prepacked, to be reheated, recipe, at plant {FR} U",18.09,94.47,53.2465,0,100.0,54.193,0.0,,0618bf32-4e34-5c7c-880d-0c1e5c6ef0f1_4335bfd4-22ce-54ab-be9c-ca9e306cb3a1
"Soup, tomato and vermicelli, dehydrated, at plant {FR} U",FR,layered,"Soup, tomatoes and vermicelli, prepacked, to be reheated, recipe, at plant {FR} U",18.09,94.47,51.0567,0,100.0,33.4763,0.0,,7c52e732-431a-5978-9b11-f27a84a26023_d5700829-0a83-5323-83f4-fafa0221fb85
"Soup, tomatoes, dehydrated, at plant {FR} U",FR,layered,"Soup, tomatoes, prepacked, to be reheated, recipe, at plant {FR} U",18.09,94.47,50.9828,0,100.0,41.834,0.0,,182bb7d3-dbc7-5ee2-bce9-39fe966c727a_bdca78df-5b52-5cc3-813d-53e09522c1e0
"Soup, watercress, dehydrated, at plant {FR} U",FR,layered,"Soup, watercress, prepacked, to be reheated, recipe, at plant {FR} U",18.09,94.47,51.9827,0,100.0,47.2255,0.0,,be70ed66-c1ed-5970-ae40-488e7c7cdf4b_73eec810-f754-55f2-ba28-ef7612d45e4c
"Soy bran, at industrial mill {FR} U",FR,direct,"Soybean grain, for human consumption, consumption mix {FR} U",0.12,0.0,0.0106,0,100.0,0.0039,0.0,Water (0.000478 kg); Water/m3 (3.43e-06 m3),6444db9f-914f-519b-8a16-b80e6eab2d9e_54d08064-d5af-56ff-a663-94a8c1a4b532
"Soy bran, at plant {FR} U",FR,layered,"Soy bran, at industrial mill {FR} U",1,0.0,0.0453,0,100.0,0.0162,0.0,,f7fec99d-d534-5333-8e82-51315e1e7d13_1b2bdef2-9818-52ab-a48b-781af23c0089
"Soy drink, flavoured, with sugar, at plant {FR} U",FR,layered,"Soy drink, plain, recipe, at plant {FR} U",1,0.0,0.0217,0,100.0,1.254,0.0,,deb4ba1b-1ea6-5ffe-8843-330bf331fbea_fe9f836f-f179-522e-a084-d6124b2756c5
"Soy drink, plain, fortified with calcium, at plant {FR} U",FR,layered,"Soy drink, plain, recipe, at plant {FR} U",1,0.0,0.0217,0,100.0,1.254,0.0,,ca0cb55b-d3e4-5117-9c1b-f16a2716f17d_10584f50-1974-5c44-a441-5e924a3e993b
"Soy drink, w concentrated fruit juice, at plant {FR} U",FR,layered,"Soy drink, plain, recipe, at plant {FR} U",1,0.0,0.0217,0,100.0,1.254,0.0,,18a70efb-7a00-5a7a-83d0-bf9ca2718d4b_2dc83b23-a1de-5460-a79c-78c6ee8e8223
"Soy flour, at industrial mill {FR} U",FR,direct,"Soybean grain, for human consumption, consumption mix {FR} U",0.88,0.0,0.0775,0,100.0,0.0287,0.0,Water (0.0035 kg); Water/m3 (2.52e-05 m3),b1963f81-7b63-5f3b-92a1-49150a3e8330_a2b1a20f-a1b0-5925-82eb-63b961d126ba
"Soy flour, at plant {FR} U",FR,layered,"Soy flour, at industrial mill {FR} U",1,0.0,0.1087,0,100.0,0.0388,0.0,,5ac29569-4259-5f9c-a1a3-26070814c5de_ab2cb64a-7a14-5427-95e1-daf908e036a7
"Soy lecithin, at plant {FR} U",FR,layered,"Soybean lecithin BR, crushing in France, animal feed, at french mill, average {FR} U",1,0.0,0,0,100.0,0,0.0,,ad6b04a5-777c-5214-84ba-dd16807f5217_cf39b5ee-30e9-5780-8a08-ea72ea26c778
"Soy protein concentrate, at plant {FR} U",FR,direct,"Soybean oil cake, from refined soybean oil, at plant {FR} U",1131,99.91,9098.7104,2180,100.0,14041,0.0,Water (6.82e+03 kg),3f4c024f-744f-509d-8ed5-e5fc04789c41_cc9bbea0-01f4-50d3-9a5b-a7dc5be57543
"Soy protein, textured, dehydrated, from soy flour, at plant {FR} U",FR,direct,"Soybean oil cake, at plant {FR} U",0.861,0.0,0.2562,0,100.0,0.215,7.6,Water (0.13 kg),318b9c5b-6a3e-5de9-ba74-3d014eb497de_caa0230d-11e2-5a19-a081-163950fdd18d
"Soy protein, textured, from LME of soy protein concentrate, at plant {FR} U",FR,direct,"Soy protein concentrate, at plant {FR} U",0.861,0.0,0.2562,0,100.0,0.215,7.6,Water (0.13 kg),24d37482-2dbe-59c9-a183-8cf81f71aa2a_1aa26f39-7d78-512d-aed3-95504da236e2
"Soy protein, textured, high moisture (HME soy), from soy concentrate, at plant {FR} U",FR,direct,"Soy protein concentrate, at plant {FR} U",507.37,99.8,203,0,100.0,979.76,4801.0,,854f621b-74ee-56bc-a2b2-ab370f8b1dd8_fdef1064-c4ae-50f2-bb45-b9d63ed1e253
"Soy protein, textured, rehydrated, at plant {FR} U",FR,direct,"Boiling, industrial, 1kg of boiled product, for cooking {FR} U",1,0.0,0,0,100.0,0.596,0.0,,7eec8141-9e48-57a8-bf31-5b88c5017097_d58abefa-2bf7-5451-ac99-405cf7a33337
"Soybean beverage, at plant {FR} U",FR,direct,"Steam, in chemical industry {RER}| market for steam, in chemical industry | Cut-off, S - Copied from Ecoinvent U",0.296,0.0,0.0206,0,100.0,1.26,0.25,Water/m3 (0.000188 m3),6af0dc1c-d1d6-531e-af83-08e5919622a4_2875903e-047c-5897-83ef-9b7931ae90d4
"Soybean oil cake, at plant {FR} U",FR,layered,"Soybean oil cake, from refined soybean oil, at plant {FR} U",1,0.0,0.0305,0.5838,100.0,0.2689,0.0,,37cd778d-ead9-5f50-a2ab-44f584f1d785_ffc5663d-154d-52ad-948b-47693b5dc9ee
"Soybean oil, at plant {FR} U",FR,layered,"Soybean oil, refined, at plant {FR} U",1,0.0,0.0832,1.5904,100.0,0.7326,0.0,,01f28873-c57a-5841-a1a8-fee528b12df7_5cbe397a-6e87-5687-b532-886ff26ebb07
"Soybean okara, at plant {FR} U",FR,direct,"Steam, in chemical industry {RER}| market for steam, in chemical industry | Cut-off, S - Copied from Ecoinvent U",0.0015,0.0,0.0001,0,100.0,0.0063,0.0,"Heat, waste (0.00158 MJ)",02ab4bb4-c26e-5f97-a2cf-d1f3ac9cf4ce_11f59286-4afe-56ad-9a38-e4e13b55ffb5
"Spelt bran, at industrial mill {FR} U",FR,direct,"Spelt, consumption mix {FR} U",0.12,0.0,0.0106,0,100.0,0.0039,0.0,Water (0.000478 kg); Water/m3 (3.43e-06 m3),7c1783a4-8062-59b5-9357-15826017db48_2933ef34-2c2a-504c-ab16-4af1fffcb866
"Spelt flour, at industrial mill {FR} U",FR,direct,"Spelt, consumption mix {FR} U",0.88,0.0,0.0775,0,100.0,0.0287,0.0,Water (0.0035 kg); Water/m3 (2.52e-05 m3),60470046-4e28-5e03-81f1-6cb4784a46f6_10b04bd4-7233-5f74-8502-b45e5be90de9
"Spelt flour, at plant {FR} U",FR,layered,"Spelt flour, at industrial mill {FR} U",1,0.0,0.1121,0,100.0,0.0388,0.0,,f59b8471-3922-52b0-bfcb-ee9580a698e2_87fdc1b5-3fbd-568a-81f9-00f12249c7d5
"Spinach, canned {FR} U",FR,direct,"Canning vegetables, industrial, 1kg of canned product {FR} U",1,0.0,0,0,100.0,0.2954,0.0,,4a64f9a2-4262-570e-b77b-c3b5a1348f94_6a4d2a41-efe0-5c2b-9b7e-43c9b5dfbb6e
"Spinach, frozen, at processing {FR} U",FR,layered,"Freezing vegetables and ready meals made from vegetables, industrial, 1kg of frozen product {FR} U",1,0.0,0.287,0.8136,100.0,10.9002,3.0,,60f11feb-35b8-5eff-baf2-4c5e4c652610_ae702152-37a4-59de-93d7-59a5cb2328d2
"Spinach, peeled, at processing {FR} U",FR,layered,"Spinach, consumption mix {FR} U",1.03,2.91,0,0,100.0,0,3.0,,1160a335-4ba0-589b-97c1-e1bc6a94b574_37022ac2-85d8-5dc9-b223-d1066b27b5a0
"Spiny scorpionfish, fillet, raw, at processing {FR} U",FR,layered,"Spiny scorpionfish, consumption mix {FR} U",2.75,63.64,0,0,100.0,0,0.0,,94831aa1-38b1-5d18-a98c-c01492874b72_672ba499-1e8b-5b4c-8bfa-8ec0a58568aa
"Spiny scorpionfish, residues, raw, at processing {FR} U",FR,layered,"Spiny scorpionfish, consumption mix {FR} U",0.0,0.0,0,0,100.0,0,0.0,,b2344510-858d-515c-9318-0983adb6c0ad_4932a278-7703-573b-b809-337b34c28d0b
"Spotted wolffish, fillet, raw, at processing {FR} U",FR,layered,"Spotted wolffish, consumption mix {FR} U",2.75,63.64,0,0,100.0,0,0.0,,bcdbe3b2-d26e-5851-a3c5-15a4891b7941_4c254c2f-3407-52f6-8f49-93adca874fa7
"Spotted wolffish, residues, raw, at processing {FR} U",FR,layered,"Spotted wolffish, consumption mix {FR} U",0.0,0.0,0,0,100.0,0,0.0,,9195a1f4-19dd-5d90-a698-030a2623e10e_cd8ff416-baa6-5743-a18a-b095f4422060
"Squid, fillet, raw, at processing {FR} U",FR,layered,"Squid, consumption mix {FR} U",1.25,20.0,0,0,100.0,0,0.0,,b4262adb-5fb3-5e17-b3cc-94d4e19fbbbc_bac1343f-a6ff-5492-a84f-951872cff151
"Squid, residues, raw, at processing {FR} U",FR,layered,"Squid, consumption mix {FR} U",0.0,0.0,0,0,100.0,0,0.0,,b9530716-8844-56d5-ba07-39c246543711_4cc1865b-13dc-5922-be64-a4dc681a243b
"Strawberries for coulis, frozen, at processing {FR} U",FR,layered,"Freezing for raw fruits, industrial, 1kg of frozen product, processing, at plant {ES} U",1.01,0.99,1.5333,0.2861,100.0,0,16.49,,67957e18-4aeb-5add-9e84-1f4acc171ac1_1655ee85-6180-55ee-88ff-4382fba928b7
"Strawberries, washed and sorted for coulis, at processing {GLO} U",GLO,layered,"Strawberries for coulis, consumption mix {FR} U",1.1534,13.3,0.0031,0,100.0,0.6194,15.34,,5d4953d1-8068-57b8-98d2-14ab5328fee4_cdfa21ca-ec92-5595-a708-3575555364e4
"Strawberry, for processing, peeled, at plant {FR} U",FR,layered,"Processed strawberries, consumption mix {FR} U",1.03,2.91,0,0,100.0,0,3.09,,0a1bb3af-c8aa-51b8-93bc-b4e7c68ae446_08d04e1a-844c-567d-bfc9-ec436cacf952
"Sugar, for canned garden peas {FR} U",FR,layered,"Sugar, from sugar beet {RoW}| beet sugar production | Cut-off, U - Copied from Ecoinvent U",1,0.0,0.1499,1.3315,100.0,4.923,0.0,,6d3559fc-34c2-5d1c-8b6a-c411f7bd79b3_7d45efca-1a91-5ebc-a212-bf635edf9e1b
"Sugar, for grated carrots {FR} U",FR,layered,"Sugar, from sugar beet {RoW}| beet sugar production | Cut-off, U - Copied from Ecoinvent U",1,0.0,0.1499,1.3315,100.0,4.923,0.0,,958736e2-8e58-5cad-99a1-2fcd9479aa34_fd21becd-ea77-5b6f-89a4-4da0ff533384
"Sunflower grain, unshelled, at processing {FR} U",FR,layered,"Sunflower grain, consumption mix {FR} U",2,50.0,0,0,100.0,0,100.0,,8946d82e-eced-5e0b-9abb-6b97056fbf11_b979da3f-f5f1-51d7-b1c8-75c048f6aed9
"Sunflower oil, at plant {FR} U",FR,layered,"Sunflower oil, refined, low dehulling at plant {FR} U",1,0.0,0.2023,2.0398,100.0,1.0471,0.0,,36895006-f786-55b2-b03c-e19ebf876397_3830b5f1-f4d9-513d-9f85-1d03a1645d97
"Sunflower oil, at plant {IT} U",IT,layered,"Sunflower grain, conventional, dried, stored and transported, processing {FR} U",0.7747,0.0,0,0,100.0,0,0.0,,81ed02cd-efd5-5d7b-8df8-f4a6fe18b8ed_cb0555e9-bc8a-5fe2-9ff1-975730689cbc
"Surmullet or red mullet, fillet, raw, at processing {FR} U",FR,layered,"Surmullet or red mullet, consumption mix {FR} U",2.4,58.33,0,0,100.0,0,0.0,,f4bb6c96-39fd-5c9a-a39e-02ff3f428c3e_3b5bd979-528d-5614-a5fa-879d5d045b84
"Surmullet or red mullet, fillet, raw, frozen at processing {FR} U",FR,layered,"Surmullet or red mullet, from Thailand or Senegal, by ship, consumption mix {FR} U",2.4,58.33,0,0,100.0,0,0.0,,deb09df4-dcdc-5099-ad42-b40c92e3cf6c_d675b9bd-9014-5188-b19b-3ea055dee3b8
"Surmullet or red mullet, residues, raw, at processing {FR} U",FR,layered,"Surmullet or red mullet, consumption mix {FR} U",0.0,0.0,0,0,100.0,0,0.0,,054c00cb-c502-5377-b739-30c9d7ede66e_4cecb5bd-7c85-5598-bf83-5a2c7568e182
"Surmullet or red mullet, residues, raw, frozen, at processing {FR} U",FR,layered,"Fish freezing, small fish {RoW}| fish freezing, small fish | Cut-off, S - Copied from Ecoinvent U",0.0,0.0,0,0,100.0,0,0.0,,776c1963-57fe-5e7f-9618-3ee589216e07_1c18ed7f-d1d6-5ef6-9c37-c1a2f5626d4c
"Sweet corn, canned {FR} U",FR,direct,"Canning corn, industrial, 1kg of canned product {FR} U",1,0.0,0,0,100.0,0.157,49.05,,8033ad00-883e-5b04-8e1b-354d4a4a9875_c1a37dac-9b05-50a8-a9e1-268feca341ad
"Sweet corn, frozen, at processing {FR} U",FR,layered,"Freezing vegetables and ready meals made from vegetables, industrial, 1kg of frozen product {FR} U",1,0.0,0.2937,0.8136,100.0,10.9002,0.0,,14138b77-8b53-5e69-9f5e-ce3d815e13a3_01da0d87-bdc4-522e-b8c8-f8f3fcf5faa3
"Sweet corn, on the cob, frozen, at processing {FR} U",FR,layered,"Maize grain, for canned and frozen products, consumption mix {FR} U",1.25,20.0,0.2953,0.8136,100.0,10.9002,25.0,,3247f138-7716-5078-a80a-8ee4bb2f8bb6_c9daffc2-4456-52b5-b722-cbbaee0df6a2
"Sweet pepper, red, canned {FR} U",FR,direct,"Canning vegetables, industrial, 1kg of canned product {FR} U",1,0.0,0,0,100.0,0.3488,0.0,,c688d741-7956-5cb8-81a5-cd26b18e49be_7955d2f6-a8e4-5691-89e4-0b9faaa38463
"Swordfish, fillet, raw, at processing {FR} U",FR,layered,"Swordfish, consumption mix {FR} U",1.67,40.12,0,0,100.0,0,0.0,,7e7c49a1-60ed-55e1-bfa5-3119d803832d_5b2f2a24-78ba-5f11-aa22-20e20c929710
"Swordfish, residues, raw, at processing {FR} U",FR,layered,"Swordfish, consumption mix {FR} U",0.0,0.0,0,0,100.0,0,0.0,,950a2292-a298-571e-a3b7-e8b3da2f4138_a59d1841-9229-5946-a789-68088049b9c3
"Syrup, agave, at processing {FR} U",FR,layered,"Syrup, agave, at processing {MX} U",1,0.0,0,0,100.0,0,0.0,,359b686d-42b0-5960-af63-47ec46a64b0a_afaa4219-6333-58c8-b17c-8b2798e84336
"Syrup, agave, at processing {MX} U",MX,layered,"Juice, agave, at plant {MX} U",3.1938,68.69,4.7639,0,100.0,0,0.0,,862a40fe-3d0c-58cd-9c83-1fcc17f1f3ec_c11407b5-f49f-5b93-90a5-f27bfa624397
"Syrup, at processing {FR} U",FR,direct,"White sugar, production, consumption mix {FR} U",0.333,0.0,0,0,100.0,0.667,0.0,,fb36239c-e456-551b-90a9-db5186855003_6d84f98a-ed55-5779-a936-6766f79b2b1c
"Syrup, for fruit canning, at processing {FR} U",FR,direct,"White sugar, production, consumption mix {FR} U",0.125,0.0,0,0,100.0,0.875,0.0,,3af9d6bc-0212-58f0-a0a0-fae9deb2b418_aa525ac1-1e33-5c9c-ac12-8aa65828c213
"Syrup, maple, at distribution {CA} U",CA,direct,"Syrup, maple, at packaging {CA} U",1,0.0,0.0021,0,100.0,0,0.0,,c8a57d8b-e2e6-5b5e-976a-c919065258c3_af792c5e-c574-5832-ae84-faf4e032d948
"Syrup, maple, at packaging {CA} U",CA,layered,"Syrup, maple, at processing {CA} U",1,0.0,0.7029,19.5189,100.0,0,0.0,,7bffd674-9eaa-584d-8646-661477c00133_0759a7ff-7e5d-586d-a65a-3f4a59fe9dc8
"Syrup, maple, at processing {CA} U",CA,direct,"Sap, maple, at plant {CA} U",1,0.0,0.1355,19.5189,100.0,0,0.0,,0bcf28be-2cbc-573f-b594-62635b429a9d_c3c9521a-e016-5f15-bec3-51cd38533bfb
"Table apple, peeled, at processing {FR} U",FR,layered,"Table apple, consumption mix {FR} U",1.1,9.09,0,0,100.0,0,10.0,,7c9553bd-bd8b-5d6e-b546-b50e6f3aeead_31057826-9b24-59b4-a3f2-61f680818731
"Table grape, peeled, at processing {FR} U",FR,layered,"Table grape, consumption mix {FR} U",1.1,9.09,0,0,100.0,0,10.0,,0d80c7bf-4268-51fa-97aa-7baf8015df75_33f84813-aa0d-563a-af15-c8ab958053e8
"Tarragon, peeled, at processing {FR} U",FR,layered,"Tarragon, fresh, consumption mix {FR} U",1.1,9.09,0,0,100.0,0,10.0,,722dbcb9-3b7c-52a9-9f86-0b57fb7c5a08_839e7e7e-ded4-5662-aadb-ae7b7a26f0d4
"Thick cream 30% fat, refrigerated, at plant {FR} U",FR,layered,"Thick cream 30% fat, refrigerated, UHT, from cow milk {FR}| yogurt production, from cow milk | Cut-off, U - Adapted from Ecoinvent U",1,0.0,0.2888,0.9699,100.0,10.5822,0.0,,c3ee6af9-f545-581a-ada5-7677c9aaf4ba_17bf78a6-eaba-5487-a631-0450ab8ed17b
"Thick cream, light, 15-20% fat, refrigerated, at plant {FR} U",FR,layered,"Thick cream, light, 15-20% fat, refrigerated, from cow milk {FR}| yogurt production, from cow milk | Cut-off, U - Adapted from Ecoinvent U",1,0.0,0.2814,0.9699,100.0,6.8096,0.0,,35d3278a-a16d-5764-b762-4aac457d8493_4644e28d-1328-502c-bf12-725e1e5574a8
"Tomato juice, pure juice, at plant {ES} U",ES,layered,"Tomato juice, pure juice, at processing {ES} U",1,0.0,0,0,100.0,0,59.52,,05248cb4-193d-549c-96c5-f927fa1c46ae_44687a16-071f-5825-bd94-b8881cd442ca
"Tomato juice, pure juice, at plant {IT} U",IT,layered,"Tomato juice, pure juice, at processing {IT} U",1,0.0,0,0,100.0,0,59.52,,a7e6e4e7-fb8a-5cc1-a80c-165db9fefe3c_5d8e71a5-48a6-5768-9677-b38635973cb9
"Tomato juice, pure juice, at processing {ES} U",ES,wrapper_wfldb,"Carbon dioxide, in air",10354,99.99,0,0,100.0,0,0.0,,08e40904-3c8c-5ec9-9365-733948cac964_16f21626-c1f4-56a2-a23a-0c09f122f6df
"Tomato juice, pure juice, at processing {FR} U",FR,layered,"Tomato, for processing, peeled, at plant {FR} U",1.7075,41.44,0.0427,0.1156,100.0,1.1846,64.8,,02382810-5f43-59ed-bf4c-fbb4b63e36ca_2603983e-f790-5c5c-9dd6-f821751b3182
"Tomato juice, pure juice, at processing {IT} U",IT,wrapper_wfldb,"Carbon dioxide, in air",7137.3,99.99,0,0,100.0,0,0.0,,cfa28990-ef79-5f46-9caf-45b1df6583e4_a264c913-c29d-52c9-95c9-88321216e82b
"Tomato juice, pure juice, filled, at plant {FR} U",FR,layered,"Tomato juice, pure juice, consumption mix {FR} U",1,0.0,0.0187,0,100.0,0.2735,0.0,,28966d45-7a85-5f05-bd33-cfd53d020046_a6939dba-21db-5466-bf17-f215fcc61113
"Tomato paste, 30 degrees Brix, at plant {FR} U",FR,wrapper_wfldb,"Processed tomatoes, consumption mix {FR} U",6.18,0.0,0,0,3.0,0,0.0,,f8db05a8-7930-559a-ab32-c1a144da0b49_bea77ec3-ffcb-505e-a044-48b29ed65642
"Tomato paste, 30 degrees Brix, for double concentrate, at plant {FR} U",FR,wrapper_wfldb,"Processed tomatoes, consumption mix {FR} U",12.36,0.0,0,0,3.0,0,0.0,,216eae17-1cdb-5761-9b06-3d37b7ff9830_8ac10f85-e44f-5b75-b154-2568eabbd535
"Tomato pomace, fresh, from tomato juice production, at processing {ES} U",ES,wrapper_wfldb,"Carbon dioxide, in air",10354,99.99,0,0,100.0,0,0.0,,c0b725ee-7307-5766-a1af-0974603037bb_7dd6d653-d9b9-5dcf-9765-fab620578d37
"Tomato pomace, fresh, from tomato juice production, at processing {FR} U",FR,layered,"Tomato, for processing, peeled, at plant {FR} U",0.0456,0.0,0.0011,0.0031,100.0,0.0316,1.73,,07b2f7e1-abab-5ac0-a5a8-63adadfd8e17_e12cfa36-e907-5cb9-97c9-dfa2109f0f66
"Tomato pomace, fresh, from tomato juice production, at processing {IT} U",IT,wrapper_wfldb,"Carbon dioxide, in air",7137.3,99.99,0,0,100.0,0,0.0,,cf2d9006-e03b-5104-88c7-3aa1af1044dd_95a14c44-1715-55b5-a20b-b77ce522d29e
"Tomato pulp, canned {FR} U",FR,layered,"Canning fruits or vegetables, industrial, 1kg of canned product {FR} U",1,0.0,0,0,100.0,0.384,2.88,,025deeb5-0fb9-5701-88d4-83563fdcc557_3258ab8d-b2f0-548a-96e7-26d20cc22922
"Tomato pulp, canned, for bolognese-style pasta {FR} U",FR,layered,"Canning fruits or vegetables, industrial, 1kg of canned product {FR} U",1,0.0,0,0,100.0,0.384,0.63,,d5ff70f7-044a-5381-8286-5ef2262eabf1_5a263309-fa7a-53de-bf90-d3625044292b
"Tomato, for processing, peeled, at plant {FR} U",FR,layered,"Processed tomatoes, consumption mix {FR} U",1.03,2.91,0,0,100.0,0,3.09,,ec4158f1-76df-5679-a1f4-7a336e626a07_24702c63-6357-560a-b1e4-ed257eb7c783
"Tomme cheese, from cow's milk, at plant {FR} U",FR,layered,"Tomme cheese, from cow's milk, consumption mix {FR} U",1,0.0,0,0,100.0,0,0.0,,5522b064-d2d6-5f6e-8083-bd5062450dd7_b9a3bac0-fc29-5a88-ae73-b666e4728358
"Tonguesole, fillet, raw, at processing {FR} U",FR,layered,"Tonguesole, consumption mix {FR} U",2.4,58.33,0,0,100.0,0,0.0,,ef72fbc0-4352-5319-86a3-2b7464041461_8bd17f0e-c8f9-5972-a799-53ffbddb913c
"Tonguesole, residues, raw, at processing {FR} U",FR,layered,"Tonguesole, consumption mix {FR} U",0.0,0.0,0,0,100.0,0,0.0,,2d8c97d1-bb10-50f5-9676-32cc8087f0c6_982f909f-474c-549f-a50c-ec59fbf3870a
"Trout smoked, at plant {FR} U",FR,layered,"Smoking for trout, industrial, 1kg of smoked product {FR} U",1,0.0,2.2572,0.972,100.0,25.4056,0.0,,0ff0aa17-3e02-52c5-97bf-b6bbbcb39083_d2d3df87-3d5b-5f91-af67-1174d628aa79
"Trout, fillet, raw, at processing {FR} U",FR,layered,"Trout, consumption mix {FR} U",1.82,45.05,0,0,100.0,0,0.0,,57004c9a-0da5-5046-baf2-aeccfc341ecc_e4dcf8a9-d704-5a48-a091-57ddef6e2264
"Trout, residues, raw, at processing {FR} U",FR,layered,"Trout, consumption mix {FR} U",0.18,0.0,0,0,100.0,0,0.0,,ddf1e47f-6929-592d-8908-fb98be0752b6_8bc17ec8-68cf-50f4-8fe2-a42886223b72
"Tub gurnard, fillet, raw, at processing {FR} U",FR,layered,"Tub gurnard, consumption mix {FR} U",2.75,63.64,0,0,100.0,0,0.0,,63f71d10-277d-5101-bf16-bca3f985816d_e376d9db-1bee-520f-8e7b-abd0cad02ec7
"Tub gurnard, residues, raw, at processing {FR} U",FR,layered,"Tub gurnard, consumption mix {FR} U",0.0,0.0,0,0,100.0,0,0.0,,a828b16c-e20e-538e-a0ba-dcaa687770f8_3899756c-9fbc-5bc3-bd60-a38c677c3e6f
"Tuna, fillet, raw, at processing {FR} U",FR,layered,"Tuna, consumption mix {FR} U",1.67,40.12,0,0,100.0,0,0.0,,f5a2362e-973a-50f8-b15c-a5e24cf2eb4d_f71ae33f-f113-596b-b3d2-245f3b6f3d0a
"Tuna, flaked, in oil, canned {FR} U",FR,layered,"Freezing raw material fish, industrial, 1kg of frozen product {FR} U",1.0833,7.69,0.4097,0,100.0,0.0804,86.4,,43e18bcc-a03c-5449-83b3-fc613dc59cec_ce840831-221a-564c-ba9b-fd6082306956
"Tuna, flaked, in tomato sauce, canned {FR} U",FR,direct,"Freezing raw material fish, industrial, 1kg of frozen product {FR} U",1.0833,7.69,0,0,100.0,0.15,43.2,,81136566-6004-5ac0-b4f5-1552d6429f77_ed2fd88c-538e-548e-bb54-fbf92c036c6f
"Tuna, in sunflower oil, canned {FR} U",FR,layered,"Freezing raw material fish, industrial, 1kg of frozen product {FR} U",1.0833,7.69,0.4097,0,100.0,0.0934,86.4,,ca37b2d7-e17e-5038-a0cf-a15e9459732f_ff29cfce-77a8-5ae4-9d9c-22a6ce78591a
"Tuna, plain, canned {FR} U",FR,direct,"Freezing raw material fish, industrial, 1kg of frozen product {FR} U",1.1667,14.29,0,0,100.0,0.1,46.8,,b4aa393f-82b7-59ae-b462-179a9d2b556e_004af1d5-e563-517a-a048-71fb13490046
"Tuna, residues, raw, at processing {FR} U",FR,layered,"Tuna, consumption mix {FR} U",0.0,0.0,0,0,100.0,0,0.0,,2d4ae833-4917-57f0-9d6f-db02f47e1174_b7ba6c9e-0164-5241-a1f0-4645041b1cb7
"Turbot, fillet, raw, at processing {FR} U",FR,layered,"Turbot, consumption mix {FR} U",2.27,55.95,0,0,100.0,0,0.0,,38d3c378-9d37-5416-a369-9eed96c1d48b_6d0b522b-6fe0-5272-aea7-adcb86222327
"Turbot, residues, raw, at processing {FR} U",FR,layered,"Turbot, consumption mix {FR} U",0.0,0.0,0,0,100.0,0,0.0,,28c1726d-2180-5150-91ca-147e454dd07d_6560e9c4-90b6-52bd-90ee-cd40c49925e7
"Turbot, wild, fillet, raw, at processing {FR} U",FR,layered,"Turbot, wild, consumption mix {FR} U",2.27,55.95,0,0,100.0,0,0.0,,ad584f11-393f-563e-b427-f58ed07bfa51_87f4820a-3850-5e6d-94d4-feb87b859e83
"Turbot, wild, residues, raw, at processing {FR} U",FR,layered,"Turbot, wild, consumption mix {FR} U",0.0,0.0,0,0,100.0,0,0.0,,3436b6bf-1eb7-568c-a571-e912fce13b5c_638db075-5dd8-5fc8-a168-97297b6a3db6
"Turnip, frozen, raw, at processing {FR} U",FR,layered,"Freezing vegetables and ready meals made from vegetables, industrial, 1kg of frozen product {FR} U",1,0.0,0.2896,0.8136,100.0,10.9002,10.0,,16ed6f51-be2b-5b7e-955b-841cf79fbae4_7ffb19a8-d1b1-5297-8e71-38a97581fbc4
"Turnip, peeled, at processing {FR} U",FR,layered,"Turnip, consumption mix {FR} U",1.1,9.09,0,0,100.0,0,10.0,,08f8e1c5-13ec-599d-be79-233ce328f96e_28f4fafe-74df-56f1-b52e-9fb66995659d
"Walnuts, unshelled, at processing {FR} U",FR,layered,"Walnuts, with shell, consumption mix {FR} U",2,50.0,0,0,100.0,0,100.0,,848ba371-274e-529b-a6a8-a53b607c489c_1f32576a-0170-5b6a-bd86-dc1e944052a3
"Water, bottled, at plant {FR} U",FR,layered,"Mineral water, consumption mix {FR} U",1,0.0,0,0,100.0,0,0.0,,fdcf0753-879a-503b-9d05-23e5395e8fa7_3f3fc8a8-ea81-5e3c-9c34-888002a1b8d1
"Wheat bran, at plant {FR} U",FR,layered,"Global milling process, soft wheat, steel-roller-milled, industrial production, French production mix, at plant, 1 kg unpelleted by-products at the exit gate (PDi) {FR} U",1,0.0,0.0859,0.006,100.0,0,0.0,,7b47d44c-5cb5-5013-8ed9-d3956dd9c8a6_dd43e989-7928-5cf1-90d2-ed441a5eaee1
"Wheat flour, at plant {FR} U",FR,layered,"Global milling process, soft wheat, steel-roller-milled, industrial production, French production mix, at plant, 1 kg bulk flour at the exit gate (PDi) {FR} U",1,0.0,0.0897,0.0144,100.0,0,0.0,,89a60d3f-9bad-56d3-b841-6724f96b2282_93a2de4c-a050-56ec-a585-7d00ca67c9c8
"Wheat gluten meal, at plant {FR} U",FR,layered,"Wheat gluten meal, from wheat starch extraction, at plant {FR} U",1,0.0,0,0,100.0,0,0.0,,0041eac8-b367-54ed-8ad4-7a666bf1fd08_4383c5ab-b7ac-51f2-a7ba-930bdf95db08
"Whey, cheese by product, at plant {FR} U",FR,layered,"Cooking, industrial, 1kg of cooked product {FR} U",0.125,0.0,0,0,100.0,0,0.0,,48434d17-d405-5706-872f-1c4851821baf_86279808-0a90-57ea-b1b9-30c858233885
"White cabbage, peeled, at processing {FR} U",FR,layered,"White cabbage, consumption mix {FR} U",1.25,20.0,0,0,100.0,0,25.0,,3e6c89b9-f3bb-52f3-a198-4d0ae680edfb_931a9c96-a07b-50fe-99d9-dd9cd85af484
"White wine vinegar, production {FR}",FR,layered,"Alcohol vinegar, production {FR} U",0.5,0.0,0.1751,0,100.0,1.1298,0.0,,1975c0ef-950e-5d66-98a3-b2da22dc2131_491ed32c-3626-5ab7-8ca6-527935030364
"Whiting, fillet, raw, at processing {FR} U",FR,layered,"Whiting, consumption mix {FR} U",2.75,63.64,0,0,100.0,0,0.0,,1c975e31-1856-5665-92f1-74ec0881bb60_bb9877ef-38a0-5c61-ac49-d8391146a9ce
"Whiting, residues, raw, at processing {FR} U",FR,layered,"Whiting, consumption mix {FR} U",0.0,0.0,0,0,100.0,0,0.0,,d31eaaaa-8091-505c-b905-a02525ee5014_bdcbd3fb-9868-5860-8169-5acb4adeea4f
"Whole ham, pork, at plant {FR} U",FR,layered,"Meat without bone, pork {FR} U",16.74,94.03,0,0,100.0,0,0.0,,fb435be0-1e7c-5465-99e5-ac66963436a8_9257eeef-04c0-5cde-9d6b-2dbe572327d2
"Xanthoprotein, glutamate by-product {CN} U",CN,direct,"Sulfur dioxide, liquid {RoW}| market for | Cut-off, S - Copied from Ecoinvent U",0.0138,0.0,2.3636,0,100.0,0,0.0,"Nitrogen oxides, CN (2.03 g); Coal tailings (0.95 kg); Corn dust (biomass) (0.446 ); Sulfur dioxide, CN (0.34 g); Coal ash (0.2 kg); BOD5 (Biological Oxygen Demand), CN (0.154 kg); Suspended solids, unspecified (0.124 kg); Slags (0.1 kg); Ammonia, as N (0.0644 kg); Carbon dioxide (0.00959 ton); Heat, waste (0.00796 MJ)",280174d4-8079-5a93-be92-cd288538a4dc_cadc9c98-7565-5c8a-96b1-9ed6921dc40f
"Yellowfin tuna, fillet, raw, at processing {FR} U",FR,layered,"Yellowfin tuna, consumption mix {FR} U",1.67,40.12,0,0,100.0,0,0.0,,40073ba0-9cb2-5207-9e96-e2d34fb2eef8_f66883fc-89f2-58b7-bffb-cf0738dcf7ec
"Yellowfin tuna, for canned Yellowfin tuna {CI} U",CI,layered,"Yellowfin tuna, for canned Yellowfin tuna, consumption mix {CI} U",0.85,0.0,0,0,100.0,0,0.0,,aa302398-cd24-5c95-bf97-de4da3e32acd_46868a26-2a1b-5baa-87b4-8a578f6129b4
"Yellowfin tuna, in brine, canned, at plant {CI} U",CI,direct,"Yellowfin tuna, in brine, canned, consumption mix {FR} U",1.4412,30.61,0,0,100.0,0.2856,0.0,,c287e4f8-9c29-502c-b1d5-797e8df16aba_559be5bd-9ff1-54c3-a2aa-ac2f3529df0f
"Yellowfin tuna, in brine, canned, at plant {FR} U",FR,direct,"Canning Tuna, industrial, 1kg of canned product {FR} U",1,0.0,0,0,100.0,0.29,0.0,,7ae78501-a1b9-5cdb-bfab-f6cf9c417019_ae1f5296-e951-522c-b46e-7a06eb7d4a6a
"Yellowfin tuna, residues, raw, at processing {FR} U",FR,layered,"Yellowfin tuna, consumption mix {FR} U",0.0,0.0,0,0,100.0,0,0.0,,bc392a48-54ec-5a1c-87c9-2b39d3aa266a_e46681c0-7ed4-534a-abff-292481208f41
"Zucchini, peeled, at processing {FR} U",FR,layered,"Zucchini, consumption mix {FR} U",1.1,9.09,0,0,100.0,0,10.0,,39ae7f54-8f40-5cc3-89b5-b88def2ce666_6a0896b6-2edb-546e-91ef-65695bf0e809
